Life.expectancy,Year,Status,Adult.Mortality,Alcohol,BMI,Schooling,GDP,Polio,Income.composition.of.resources
65,2015,Developing,263,0.01,19.1,10.1,584.25921,6,0.479
59.9,2014,Developing,271,0.01,18.6,10,612.696514,58,0.476
59.9,2013,Developing,268,0.01,18.1,9.9,631.744976,62,0.47
59.5,2012,Developing,272,0.01,17.6,9.8,669.959,67,0.463
59.2,2011,Developing,275,0.01,17.2,9.5,63.537231,68,0.454
58.8,2010,Developing,279,0.01,16.7,9.2,553.32894,66,0.448
58.6,2009,Developing,281,0.01,16.2,8.9,445.8932979,63,0.434
58.1,2008,Developing,287,0.03,15.7,8.7,373.3611163,64,0.433
57.5,2007,Developing,295,0.02,15.2,8.4,369.835796,63,0.415
57.3,2006,Developing,295,0.03,14.7,8.1,272.56377,58,0.405
57.3,2005,Developing,291,0.02,14.2,7.9,25.2941299,58,0.396
57,2004,Developing,293,0.02,13.8,6.8,219.1413528,5,0.381
56.7,2003,Developing,295,0.01,13.4,6.5,198.7285436,41,0.373
56.2,2002,Developing,3,0.01,13,6.2,187.84595,36,0.341
55.3,2001,Developing,316,0.01,12.6,5.9,117.49698,35,0.34
54.8,2000,Developing,321,0.01,12.2,5.5,114.56,24,0.338
77.8,2015,Developing,74,4.6,58,14.2,3954.22783,99,0.762
77.5,2014,Developing,8,4.51,57.2,14.2,4575.763787,98,0.761
77.2,2013,Developing,84,4.76,56.5,14.2,4414.72314,99,0.759
76.9,2012,Developing,86,5.14,55.8,14.2,4247.61438,99,0.752
76.6,2011,Developing,88,5.37,55.1,13.3,4437.17868,99,0.738
76.2,2010,Developing,91,5.28,54.3,12.5,494.358832,99,0.725
76.1,2009,Developing,91,5.79,53.5,12.2,4114.136545,98,0.721
75.3,2008,Developing,1,5.61,52.6,12,437.539647,99,0.713
75.9,2007,Developing,9,5.58,51.7,11.6,363.13685,99,0.703
74.2,2006,Developing,99,5.31,5.8,11.4,35.1293,97,0.696
73.5,2005,Developing,15,5.16,49.9,10.8,279.142931,97,0.685
73,2004,Developing,17,4.54,48.9,10.9,2416.588235,98,0.681
72.8,2003,Developing,18,4.29,47.9,10.7,189.681557,97,0.674
73.3,2002,Developing,15,3.73,46.9,10.7,1453.642777,98,0.67
73.6,2001,Developing,14,4.25,46,10.6,1326.97339,97,0.662
72.6,2000,Developing,11,3.66,45,10.7,1175.788981,97,0.656
75.4,2014,Developing,11,0.01,58.4,14.4,547.8517,95,0.741
75.3,2013,Developing,112,0.53,57.2,14.4,5471.866766,95,0.737
75.1,2012,Developing,113,0.66,56.1,14.4,5564.82566,95,0.732
74.9,2011,Developing,116,0.56,55,14,5432.2523,95,0.724
74.7,2010,Developing,119,0.45,53.9,13.6,4463.394675,95,0.714
74.4,2009,Developing,123,0.5,52.8,13.1,3868.83123,94,0.705
74.1,2008,Developing,126,0.46,51.8,12.6,495.254866,92,0.697
73.8,2007,Developing,129,0.44,5.8,12.3,3935.183343,95,0.69
73.4,2006,Developing,132,0.36,49.8,12.3,3464.6179,95,0.686
72.9,2005,Developing,136,0.5,48.9,12,31.122378,88,0.68
72.3,2004,Developing,14,0.45,47.9,11.7,2598.9823,86,0.673
71.7,2003,Developing,146,0.34,47,11.5,294.33556,87,0.663
71.6,2002,Developing,145,0.36,46.1,11.1,1774.33673,86,0.653
71.4,2001,Developing,145,0.23,45.3,10.9,1732.857979,89,0.644
71.3,2000,Developing,145,0.25,44.4,10.7,1757.17797,86,0.636
51.7,2014,Developing,348,8.33,22.7,11.4,479.31224,68,0.527
51.1,2013,Developing,355,8.1,22.1,11.4,484.616884,67,0.523
56,2012,Developing,358,8.24,21.5,10.3,4598.249988,75,0.508
51,2011,Developing,361,8.06,21,9.4,4299.12889,73,0.495
49.6,2010,Developing,365,7.8,2.4,9,3529.53482,81,0.488
49.1,2009,Developing,369,7.01,19.8,8.5,3347.84485,63,0.48
48.7,2008,Developing,371,7.07,19.3,8.1,3868.578883,65,0.468
48.2,2007,Developing,375,6.35,18.8,7.7,2878.837144,75,0.454
47.7,2006,Developing,381,5.84,18.2,7.2,262.415149,36,0.439
47.4,2005,Developing,382,5.04,17.7,6.8,1443.991929,39,0.426
47.1,2004,Developing,386,3.53,17.2,6.4,141.86844,4,0.415
46.8,2003,Developing,388,3.49,16.8,5.9,779.468356,4,0.406
46.5,2002,Developing,391,2.82,16.3,5.5,711.181716,37,0.401
45.7,2001,Developing,44,2.58,15.8,5.1,526.168743,41,0.391
45.3,2000,Developing,48,1.85,15.4,4.6,555.2969419,3,0.382
76.2,2014,Developing,131,8.56,47,13.9,12888.29667,96,0.782
76.1,2013,Developing,133,8.58,46.4,13.9,12224.86416,98,0.781
75.9,2012,Developing,134,8.18,45.7,13.8,12565.44197,97,0.778
75.7,2011,Developing,136,7.84,45.1,14.1,11929.34991,99,0.782
75.6,2010,Developing,138,7.84,44.4,14.1,12126.87614,99,0.783
75.4,2009,Developing,14,7.82,43.8,14.2,1312.46692,98,0.788
75.2,2008,Developing,142,8.27,43.2,14.4,1473.31923,99,0.786
75,2007,Developing,144,8.64,42.6,14.5,14252.29452,98,0.781
74.8,2006,Developing,145,8.93,42,14.7,12724.39377,99,0.773
74.6,2005,Developing,147,8.15,41.4,0,11371.93895,98,0
74.4,2004,Developing,149,7.28,4.8,0,1352.8374,97,0
74.2,2003,Developing,151,7.16,4.1,0,9739.82556,99,0
74,2002,Developing,153,7.21,39.5,0,9386.716452,93,0
73.8,2001,Developing,154,7.51,38.9,0,9358.154162,99,0
73.6,2000,Developing,156,7.27,38.2,0,9875.161736,96,0
76.2,2014,Developing,118,7.93,62.2,17.3,12245.25645,92,0.825
76,2013,Developing,119,8.28,61.6,17.3,12976.63642,99,0.823
75.9,2012,Developing,12,8.35,61,17.2,12969.7712,99,0.822
75.7,2011,Developing,12,8.11,6.4,17.1,12726.9836,93,0.816
75.5,2010,Developing,121,8.15,59.8,16.8,1276.265,95,0.802
75.6,2009,Developing,126,8.33,59.2,16.5,8161.36966,97,0.794
75.4,2008,Developing,126,8.41,58.6,16.3,8953.359275,94,0.792
74.8,2007,Developing,129,8.16,58,16.3,7193.61764,92,0.788
75.2,2006,Developing,127,7.75,57.5,16.1,5878.76127,92,0.782
74.9,2005,Developing,127,7.53,56.9,16.3,576.883829,95,0.78
74.7,2004,Developing,13,7.63,56.3,16.3,4251.574348,91,0.775
74.1,2003,Developing,137,7.62,55.7,16.4,333.4376,95,0.77
74.1,2002,Developing,138,7.81,55.1,16.3,2579.193168,94,0.776
74,2001,Developing,138,7.76,54.6,15.6,717.694674,85,0.771
74.1,2000,Developing,137,7.68,54,15,7669.273916,88,0.764
74.6,2014,Developing,12,3.91,54.1,12.7,3994.712355,95,0.739
74.4,2013,Developing,123,3.79,53.3,12.7,3843.591213,96,0.736
74.4,2012,Developing,121,3.89,52.6,12.7,3684.8481,96,0.732
73.9,2011,Developing,128,4.09,51.9,12.7,3526.978143,96,0.729
73.5,2010,Developing,132,4.23,51.2,12.3,3218.381655,96,0.72
73.3,2009,Developing,137,3.96,5.7,11.9,2993.832531,94,0.725
73.2,2008,Developing,14,3.96,5.1,12.3,41.26997,91,0.721
73.5,2007,Developing,132,3.99,49.7,11.7,3138.8873,9,0.707
72.9,2006,Developing,141,4.01,49.2,11.2,2158.299,87,0.692
73,2005,Developing,137,4.25,48.8,10.9,1643.758397,92,0.679
73,2004,Developing,132,3.81,48.4,10.9,1191.96192,93,0.668
72.7,2003,Developing,134,3.03,48.1,10.8,93.1661567,96,0.657
72.6,2002,Developing,134,2.86,47.8,10.8,783.261699,96,0.645
72.6,2001,Developing,141,2.86,47.4,11.1,694.435119,97,0.644
72,2000,Developing,142,2.9,47.1,11.2,622.7427477,96,0.639
82.7,2014,Developed,6,9.71,66.1,20.4,62214.6912,92,0.936
82.5,2013,Developed,61,9.87,65.5,20.3,67792.3386,91,0.933
82.3,2012,Developed,61,10.03,65,20.1,67677.63477,92,0.93
82,2011,Developed,63,10.3,64.4,19.8,62245.129,92,0.927
81.9,2010,Developed,64,10.52,63.9,19.5,51874.848,92,0.927
81.7,2009,Developed,66,10.62,63.4,19.1,42742.99898,92,0.925
81.3,2008,Developed,66,10.76,62.9,19.1,49664.6854,92,0.921
81.3,2007,Developed,66,10.56,62.5,19,4991.98289,92,0.918
81.2,2006,Developed,66,10.31,62,20.3,36118.28381,92,0.915
81,2005,Developed,67,10.3,61.5,20.3,3416.71483,92,0.91
86,2004,Developed,69,9.84,6.9,20.7,3472.37977,92,0.908
83,2003,Developed,71,9.97,6.3,20.6,23465.38559,92,0.905
79.9,2002,Developed,73,9.84,59.6,20.1,281.81763,92,0.902
79.9,2001,Developed,75,9.53,59,20.5,19517.84168,91,0.899
79.5,2000,Developed,78,10.17,58.2,20.4,2169.921,9,0.897
81.4,2014,Developed,66,12.32,57.1,15.9,51322.63997,98,0.892
81.1,2013,Developed,68,11.82,56.6,15.7,554.71532,95,0.887
88,2012,Developed,7,12.26,56.1,15.7,48333.57273,92,0.884
88,2011,Developed,73,12.04,55.7,15.7,51126.74139,89,0.88
84,2010,Developed,75,12.1,55.2,15.4,46657.629,86,0.872
82,2009,Developed,77,11.3,54.7,15.3,47654.18721,83,0.87
84,2008,Developed,76,12,54.2,15.1,51386.37665,83,0.864
81,2007,Developed,8,12.5,53.7,15.2,46586.6525,85,0.86
79.8,2006,Developed,81,12.4,53.2,15,443.99361,83,0.854
79.4,2005,Developed,85,12.4,52.7,14.9,38242.4252,86,0.848
79.3,2004,Developed,86,12.1,52.2,14.7,36693.4262,83,0.841
78.8,2003,Developed,88,12.2,51.7,14.7,3212.9355,84,0.837
78.7,2002,Developed,9,12.5,51.2,16.1,26351.37568,82,0.847
78.6,2001,Developed,92,12.4,5.6,15.5,24489.73553,83,0.837
78.1,2000,Developed,96,13.2,5.1,15.4,24517.26745,71,0.833
72.5,2014,Developing,119,0.01,51.5,12.2,7891.299776,97,0.752
72.2,2013,Developing,121,2.14,5.6,11.9,7875.756953,96,0.745
71.9,2012,Developing,123,0.01,49.7,11.8,7496.335728,92,0.742
71.6,2011,Developing,125,1.98,48.8,11.7,7189.691229,91,0.741
71.1,2010,Developing,13,1.98,48,11.7,5842.85784,85,0.737
78,2009,Developing,132,2.1,47.3,11.6,495.294791,84,0.728
73,2008,Developing,141,1.18,46.6,11.6,5574.6382,85,0.719
73,2007,Developing,14,1.02,45.9,11.6,3851.437869,81,0.708
69.2,2006,Developing,154,0.85,45.3,10.7,2473.85776,8,0.682
68.4,2005,Developing,162,0.73,44.7,11.2,1578.4239,79,0.675
68.4,2004,Developing,154,0.62,44.2,11,145.2163,78,0.668
67.8,2003,Developing,154,0.55,43.6,10.8,883.6439965,79,0.659
67.8,2002,Developing,146,0.55,43.1,10.6,763.73858,8,0.651
67.5,2001,Developing,151,0.51,42.6,10.4,73.6838434,77,0.642
66.6,2000,Developing,16,0.65,42.1,10.1,655.974326,75,0.636
76.8,2014,Developing,7,1.57,62.9,14.5,24983.3792,98,0.82
76.7,2013,Developing,7,1.65,62.2,14.5,251.18329,99,0.815
76.5,2012,Developing,71,1.7,61.5,14.5,23649.36661,99,0.812
76.1,2011,Developing,76,1.66,6.8,14.4,2281.1242,99,0.812
76.1,2010,Developing,73,1.93,6.1,14.4,2722.1389,99,0.81
76,2009,Developing,74,1.95,59.3,14.4,19356.67236,97,0.814
75.8,2008,Developing,76,2,58.5,14.4,2367.56535,97,0.815
75.6,2007,Developing,77,2,57.6,14.4,2977.1153,97,0.813
75.5,2006,Developing,79,2.1,56.8,14.2,1937.99549,98,0.81
75.3,2005,Developing,81,2.05,56.1,14,17959.17854,98,0.806
75.2,2004,Developing,83,2.16,55.6,13.9,15846.47641,98,0.803
75,2003,Developing,85,2.16,55.2,13.7,14221.99259,97,0.798
74.9,2002,Developing,87,1.99,55,13.5,1312.33457,98,0.796
74.7,2001,Developing,9,1.95,54.8,13.3,12868.211,99,0.794
74.5,2000,Developing,92,2.15,54.5,13.2,13636.34668,97,0.786
71.4,2014,Developing,132,0.01,17.7,10,184.56543,97,0.57
71,2013,Developing,135,0.01,17,10,951.8894535,96,0.565
77,2012,Developing,137,0.01,16.4,9.9,856.342857,94,0.557
73,2011,Developing,14,0.01,15.8,9.4,835.789341,96,0.545
69.9,2010,Developing,142,0.01,15.2,8.9,757.6717572,94,0.535
69.5,2009,Developing,144,0.01,14.6,8.4,681.125368,97,0.523
69.1,2008,Developing,147,0.01,14,8.6,615.7775411,96,0.52
68.6,2007,Developing,151,0.01,13.5,8.6,541.651484,96,0.513
68.2,2006,Developing,152,0.01,13,8.4,494.51466,95,0.506
67.8,2005,Developing,155,0.01,12.5,8.2,484.155471,94,0.499
67.3,2004,Developing,158,0.01,12,8.1,46.7579167,88,0.491
66.8,2003,Developing,161,0.01,11.6,7.9,432.7388972,9,0.484
66.3,2002,Developing,164,0.01,11.2,7.7,4.6135745,83,0.476
65.8,2001,Developing,168,0.01,1.8,7.5,42.5981152,85,0.468
65.3,2000,Developing,173,0.01,1.4,7.3,45.63371,83,0.459
75.4,2014,Developing,1,8.82,53.7,15.3,15359.66971,95,0.793
75.2,2013,Developing,11,8.74,53,15.3,15472.7814,91,0.792
75.1,2012,Developing,12,8.61,52.2,15.3,15384.8749,88,0.785
74.9,2011,Developing,14,8.51,51.4,15.5,15534.1574,91,0.78
74.7,2010,Developing,16,8.41,5.7,15.8,1595.91232,9,0.781
74.6,2009,Developing,19,8.46,49.9,15.5,16523.32388,93,0.779
74.4,2008,Developing,111,8.95,49.2,15.3,1657.3228,85,0.775
74.2,2007,Developing,113,8.47,48.4,15,16462.48556,93,0.771
74.1,2006,Developing,115,8.39,47.7,14.8,15646.5591,85,0.766
73.9,2005,Developing,117,8.01,46.9,14.6,14223.86576,91,0.761
73.8,2004,Developing,119,7.68,46.2,14.4,12868.8639,93,0.757
73.7,2003,Developing,121,7.65,45.4,14.2,1228.5447,9,0.753
73.5,2002,Developing,123,7.59,44.6,14,11675.39395,86,0.749
73.4,2001,Developing,125,7.38,43.8,14,11513.87189,93,0.75
73.3,2000,Developing,127,7.43,43,14,11568.1111,86,0.741
72,2014,Developing,199,13.94,61.7,15.7,8318.429294,97,0.796
71.7,2013,Developing,23,14.66,61.1,15.7,7978.825443,98,0.796
71.9,2012,Developing,194,16.35,6.5,15.6,694.243915,98,0.793
72,2011,Developing,232,17.31,59.9,15.5,6519.71753,98,0.787
73,2010,Developing,222,14.44,59.3,15.5,63.38877,99,0.78
70,2009,Developing,226,14.09,58.7,15.4,5176.172649,98,0.771
70,2008,Developing,224,14.67,58.2,15.1,6376.183153,98,0.755
69.8,2007,Developing,226,14.22,57.7,14.9,4735.484827,9,0.739
68.9,2006,Developing,243,12.6,57.2,14.6,3848.215966,97,0.723
68.1,2005,Developing,252,11.01,56.7,14.4,3126.71767,98,0.713
68.2,2004,Developing,247,12.05,56.2,14.1,2378.33927,99,0.703
67.7,2003,Developing,253,11.17,55.8,13.9,1819.525644,53,0.695
67.2,2002,Developing,262,12.23,55.3,13.6,1479.383142,99,0.687
67.7,2001,Developing,254,10.74,54.9,13.3,1244.373185,99,0.681
68,2000,Developing,247,12.98,54.4,13.1,1276.28834,99,0.675
89,2014,Developed,76,12.6,63.4,16.3,47439.39684,99,0.89
87,2013,Developed,77,11.77,63,16.3,4651.38647,99,0.889
83,2012,Developed,78,10.08,62.6,16.2,4474.5717,99,0.886
83,2011,Developed,8,10.11,62.3,16.1,4772.77415,98,0.884
80,2010,Developed,81,10.22,61.9,15.9,4438.23741,98,0.878
79.8,2009,Developed,85,10.05,61.6,15.8,4488.5615,98,0.876
79.5,2008,Developed,87,10.47,61.3,15.8,48424.58927,99,0.874
79.5,2007,Developed,86,10.25,6.9,15.8,4443.83131,99,0.871
79.4,2006,Developed,85,10.98,6.6,15.7,38852.3613,99,0.865
78.9,2005,Developed,89,12.27,6.2,15.7,36967.28292,97,0.861
78.8,2004,Developed,91,12.05,59.8,18.8,35589.71295,96,0.88
78.3,2003,Developed,95,11.28,59.4,18.6,3743.95693,96,0.878
78,2002,Developed,99,11.29,59,18.8,2552.3328,96,0.875
78,2001,Developed,1,11.01,58.5,18.2,23121.56635,96,0.873
77.6,2000,Developed,11,11.21,58.1,18,2327.4591,96,0.869
70,2014,Developing,177,6.58,5.1,12.8,4852.223666,95,0.705
69.8,2013,Developing,18,6.56,49.3,12.9,4688.538443,95,0.706
69.4,2012,Developing,189,6.66,48.5,12.5,4673.63848,98,0.702
69.4,2011,Developing,188,6.64,47.8,12.4,4516.24675,95,0.7
69.5,2010,Developing,186,6.76,47,12.4,4344.15177,96,0.7
69.5,2009,Developing,184,6.85,46.3,12.7,4258.788611,98,0.7
69.6,2008,Developing,181,7.22,45.7,12.8,447.22796,94,0.699
69.6,2007,Developing,181,7.24,45,12.8,4324.876427,97,0.7
69.4,2006,Developing,184,6.48,44.4,12.3,4187.3783,98,0.692
69,2005,Developing,191,6.25,43.8,12.8,3933.332215,96,0.695
68.7,2004,Developing,197,6.2,43.2,12.5,3831.53819,97,0.691
68.4,2003,Developing,21,5.67,42.6,12.2,3679.99523,95,0.684
68.5,2002,Developing,199,4.99,42,11.9,3556.561825,93,0.678
68.2,2001,Developing,21,4.9,41.4,11.8,3419.275719,96,0.677
68.3,2000,Developing,196,4.79,4.8,11.7,3364.423711,91,0.668
59.7,2014,Developing,252,0.01,25.2,10.7,943.686575,74,0.475
59.5,2013,Developing,251,0.01,24.6,10.3,915.2674586,73,0.466
59.3,2012,Developing,251,0.01,24.1,10,837.9551,8,0.458
59.1,2011,Developing,251,1.4,23.5,9.8,825.9427854,77,0.454
58.7,2010,Developing,254,1.33,23,9.5,757.695974,77,0.451
58.4,2009,Developing,259,1.16,22.5,9.3,793.45243,8,0.448
57.6,2008,Developing,278,1.28,22,9.1,82.1513498,77,0.444
57.1,2007,Developing,283,1.12,21.5,8.9,76.535419,82,0.438
56.8,2006,Developing,284,1.19,21,8.7,625.8392,76,0.434
56.5,2005,Developing,285,1.13,2.5,8.5,61.799977,73,0.43
56.1,2004,Developing,285,1.15,2.1,8.1,583.493514,74,0.423
55.8,2003,Developing,285,1.35,19.7,7.7,519.2922847,75,0.416
55.6,2002,Developing,283,1.23,19.2,7.3,418.6985763,76,0.407
55.5,2001,Developing,281,1.29,18.8,6.6,378.73654,77,0.395
55.4,2000,Developing,279,1.34,18.4,6.4,374.1923942,78,0.389
69.4,2014,Developing,216,0.01,23.6,12.5,2522.7968,98,0.596
69.1,2013,Developing,219,0.01,22.7,12.6,235.882889,97,0.589
68.7,2012,Developing,223,0.01,21.9,12.3,2422.816,97,0.581
68.3,2011,Developing,225,0.23,21.1,11.9,2458.45976,95,0.572
67.9,2010,Developing,228,0.28,2.3,11.4,2178.921383,92,0
67.4,2009,Developing,232,0.17,19.5,10.9,177.234497,93,0
67,2008,Developing,234,0.21,18.8,10.5,1795.18137,96,0
66.5,2007,Developing,238,0.16,18,10.1,1741.142552,93,0
65.8,2006,Developing,245,0.29,17.4,9.6,1335.45696,96,0
65,2005,Developing,254,0.73,16.7,9.2,1247.61392,95,0
64.2,2004,Developing,263,0.96,16.1,8.8,197.45788,9,0
63.3,2003,Developing,273,0.52,15.5,8.4,997.7417141,96,0
62.5,2002,Developing,282,0.29,14.9,8,885.6382245,89,0
61.7,2001,Developing,29,0.14,14.4,7.6,87.9387673,88,0
62,2000,Developing,312,0.17,13.9,7.3,765.8632358,98,0
77.2,2014,Developing,89,4.03,55.3,14.2,5193.94932,86,0.742
77,2013,Developing,9,4.12,54.7,14.2,535.86555,87,0.735
76.8,2012,Developing,92,4.61,54.2,13.9,4716.673325,87,0.728
76.9,2011,Developing,92,4.64,53.7,13.4,55.156834,89,0.711
76.4,2010,Developing,94,4.54,53.1,13.3,4611.47298,9,0.717
76.1,2009,Developing,97,4.75,52.6,13.3,4697.89732,9,0.716
76,2008,Developing,98,5.13,52.1,13.1,575.31664,92,0.71
75.4,2007,Developing,16,5.16,51.5,12.9,418.292176,95,0.703
75.7,2006,Developing,1,4.82,51,12.7,344.321698,91,0.697
75,2005,Developing,12,4.56,5.5,12.5,2968.41186,95,0
75.5,2004,Developing,99,4.25,49.9,12.3,265.642661,87,0
75.2,2003,Developing,12,4.14,49.4,12.1,2214.732246,87,0
75.4,2002,Developing,11,3.84,48.8,11.9,1761.537647,86,0
74.9,2001,Developing,113,3.85,48.2,11.6,1524.41222,92,0
74.6,2000,Developing,116,3.64,47.6,0,1461.7552,87,0
65.1,2014,Developing,268,0.01,37.3,12.6,7497.762376,96,0.697
64.2,2013,Developing,286,0.01,36.8,12.6,77.625783,96,0.693
63.4,2012,Developing,3,0.01,36.2,12.5,729.231453,96,0.687
62.2,2011,Developing,325,5.76,35.7,12.4,7645.21469,96,0.678
61.1,2010,Developing,349,5.99,35.2,12.3,6346.15624,96,0.669
59.2,2009,Developing,393,5.01,34.7,12.2,5185.729845,96,0.661
57.5,2008,Developing,427,6.56,34.2,12.1,5623.379566,96,0.646
56.9,2007,Developing,436,6.21,33.7,12.1,5714.47937,96,0.63
54.8,2006,Developing,491,6.45,33.2,11.9,5374.554867,96,0.61
51.7,2005,Developing,566,6.37,32.7,11.9,5351.253732,96,0.593
48.1,2004,Developing,652,4.9,32.2,11.8,4896.583835,96,0.58
46.4,2003,Developing,693,5.51,31.6,11.8,4163.6596,96,0.567
46,2002,Developing,699,6.41,31.1,11.9,355.618382,97,0.558
46.7,2001,Developing,679,5.48,3.5,11.8,3128.97793,97,0.56
47.8,2000,Developing,647,5.37,29.9,11.7,3349.68823,97,0.559
74.8,2014,Developing,144,7.32,55.3,15.2,1226.61731,96,0.747
74.7,2013,Developing,146,7.24,54.5,14.2,12216.9446,96,0.734
74.5,2012,Developing,148,7.55,53.6,14.2,12291.46685,96,0.73
74.1,2011,Developing,152,7.58,52.8,14,13167.47289,98,0.724
73.8,2010,Developing,154,7.52,52,13.8,11224.1548,99,0.716
73.6,2009,Developing,157,7.33,51.1,13.8,8553.3847,99,0.714
73.4,2008,Developing,158,7.21,5.3,13.3,8787.61375,99,0.704
73.3,2007,Developing,159,7.19,49.4,13.5,7313.557962,99,0.7
73,2006,Developing,161,7.1,48.6,13.8,586.145975,99,0.698
72.7,2005,Developing,163,6.97,47.8,13.8,477.182746,99,0.694
72,2004,Developing,17,6.85,46.9,14,3623.47667,99,0.695
71.8,2003,Developing,172,6.95,46.1,14.8,359.587582,99,0.699
71.4,2002,Developing,176,7,45.3,14.6,2819.649531,99,0.692
71,2001,Developing,179,7.13,44.5,14.3,3146.95177,99,0.685
75,2000,Developing,183,7.26,43.7,14.1,3739.11936,99,0.677
77.6,2014,Developing,8,0.01,4.2,15,4159.8652,99,0.863
77.1,2013,Developing,84,0.01,39.2,14.9,44597.27968,99,0.86
78.3,2012,Developing,79,0.01,38.2,14.4,47651.2599,99,0.852
77.4,2011,Developing,79,0.97,37.2,14.1,4717.273,99,0.846
76.9,2010,Developing,79,0.88,36.2,14.2,35268.1117,99,0.845
76.8,2009,Developing,88,0.25,35.2,14.1,27965.4754,99,0.841
77.2,2008,Developing,84,0.67,34.2,14.2,37951.286,97,0.84
76,2007,Developing,1,0.85,33.2,14.3,32672.36717,95,0.84
76.3,2006,Developing,93,0.67,32.2,14.3,398.96692,94,0.837
76.2,2005,Developing,92,0.16,31.2,14.1,2612.13345,93,0.834
76.4,2004,Developing,89,0.11,3.1,13.7,21896.6527,92,0.828
76,2003,Developing,89,0.12,29.1,13.4,18555.56649,99,0.823
74.8,2002,Developing,95,0.13,28,13.3,16846.2198,99,0.82
74.7,2001,Developing,19,0.47,27,13.4,16468.12886,99,0.819
74.4,2000,Developing,16,0.37,26.1,13.4,188.44826,99,0.818
74.3,2014,Developed,138,12.03,65.1,14.8,7853.335191,88,0.787
74.1,2013,Developed,14,12.06,64.5,14.4,7674.86559,95,0.781
73.9,2012,Developed,139,10.99,63.9,14.3,7378.25539,95,0.778
73.7,2011,Developed,144,10.67,63.3,14.2,7813.83499,95,0.775
73.4,2010,Developed,147,10.8,62.7,13.9,6843.263289,94,0.77
73.2,2009,Developed,152,10.93,62.1,13.8,6955.987733,94,0.768
72.9,2008,Developed,155,10.98,61.5,13.8,7296.122479,96,0.761
72.6,2007,Developed,157,10.89,6.9,13.5,5932.899677,95,0.755
72.2,2006,Developed,161,10.39,6.3,13.5,4513.13628,96,0.75
72.1,2005,Developed,16,10.48,59.7,13.5,3893.68998,97,0.745
72.2,2004,Developed,157,10.96,59.1,13.3,3381.57837,94,0.738
72,2003,Developed,155,11.19,58.6,12.9,271.46824,96,0.729
71.8,2002,Developed,157,10.2,58.1,12.9,287.534843,94,0.723
71.6,2001,Developed,16,10.72,57.5,12.9,1764.97387,94,0.713
71.1,2000,Developed,163,9.69,57,12.9,169.28586,94,0.709
59.3,2014,Developing,268,0.01,18.8,7.7,75.1464113,91,0.398
59,2013,Developing,27,4.64,18.2,7.5,699.452847,89,0.392
58.6,2012,Developing,271,4.75,17.7,7.2,673.8227,9,0.384
58.1,2011,Developing,275,4.51,17.1,6.7,666.842783,9,0.377
57.5,2010,Developing,279,4.55,16.6,6.3,575.4464527,9,0.365
56.9,2009,Developing,283,4.55,16.1,5.9,552.7455521,91,0.356
56.1,2008,Developing,288,4.5,15.6,5.4,569.7612784,92,0.345
55.3,2007,Developing,293,4.58,15.1,4.9,475.11122,93,0.334
54.3,2006,Developing,32,4.73,14.6,4.7,422.6332374,94,0.325
53.3,2005,Developing,313,4.88,14.2,4.3,46.998871,94,0
52.4,2004,Developing,323,4.54,13.7,3.9,371.323865,83,0
51.6,2003,Developing,332,4.58,13.3,3.8,332.344351,83,0
51,2002,Developing,338,4.53,12.9,3.6,26.7635413,69,0
56,2001,Developing,344,4.56,12.5,3.5,235.4912324,62,0
51,2000,Developing,348,3.71,12.2,3.4,226.4759814,45,0
59.1,2014,Developing,297,0.01,18.2,10.6,312.7489794,95,0.404
58.6,2013,Developing,33,0.01,17.6,10.5,282.7555252,96,0.398
58,2012,Developing,312,0.01,17.1,10.3,265.285651,96,0.393
57.4,2011,Developing,321,4.16,16.6,9.9,26.479973,95,0.385
56.8,2010,Developing,33,4.16,16.1,9.3,231.1943256,94,0.361
56.2,2009,Developing,338,4.05,15.7,8.6,24.944652,96,0.336
55.3,2008,Developing,35,4.33,15.2,7.9,196.2472628,89,0.319
54.8,2007,Developing,355,4.54,14.8,7.2,17.79995,93,0.309
54.1,2006,Developing,361,4.5,14.5,5.9,165.8794176,88,0.29
53.4,2005,Developing,369,5.54,14.1,5.6,15.57434,82,0.286
52.6,2004,Developing,378,5.72,13.8,5.2,127.4296648,76,0.279
51.9,2003,Developing,387,5.84,13.5,4.7,112.849373,75,0.276
51.5,2002,Developing,387,5.98,13.3,4.4,122.4335893,74,0.268
51.3,2001,Developing,385,6.09,13,4.5,133.7427689,72,0.268
58,2000,Developing,386,6.61,12.8,4.5,135.9984455,71,0.268
73,2014,Developing,117,0.01,3.5,13.5,3529.61843,95,0.643
72.8,2013,Developing,12,0.01,29.7,13.6,3558.796314,93,0.643
72.7,2012,Developing,121,0.01,29,13.2,348.482762,94,0.636
72.6,2011,Developing,122,5.07,28.2,13.1,367.429453,9,0.632
72.5,2010,Developing,123,4.75,27.5,12.7,3312.825985,99,0.627
72.4,2009,Developing,124,4.45,26.8,12.4,3444.5566,99,0.621
72.4,2008,Developing,124,4.16,26.2,12.2,3638.95946,99,0.615
72.3,2007,Developing,126,5.28,25.5,11.9,3112.285712,98,0.602
72.1,2006,Developing,129,4.25,24.9,11.9,234.28992,97,0.596
71.8,2005,Developing,134,4.26,24.3,11.2,248.13459,95,0.582
71.4,2004,Developing,14,4.19,23.7,11.1,1976.45856,94,0.574
71.1,2003,Developing,144,4.16,23.2,11.3,1768.92132,93,0.572
77,2002,Developing,148,3.82,22.6,11.3,1373.515636,92,0.569
73,2001,Developing,152,3.81,22.1,11,1268.884564,91,0.562
69.9,2000,Developing,155,3.49,21.5,11.3,1239.377855,9,0
68.3,2014,Developing,179,0.01,18.9,10.9,198.687123,87,0.553
67.8,2013,Developing,183,0.01,18.2,10.8,128.419568,66,0.546
67.4,2012,Developing,186,0.01,17.6,10.7,95.244132,84,0.54
67,2011,Developing,19,2.12,17,10.7,882.491462,87,0.533
66.6,2010,Developing,192,2.2,16.4,10.6,785.6928841,88,0.519
66.1,2009,Developing,195,2.13,15.9,10.5,738.2326684,95,0.52
65.6,2008,Developing,199,2.24,15.3,10.5,745.7877873,91,0.511
65,2007,Developing,24,2.08,14.8,10.3,631.675789,82,0.495
64.1,2006,Developing,216,2.03,14.3,10.1,539.8791529,8,0.483
62.9,2005,Developing,234,1.99,13.9,10,474.2238766,82,0.47
61.5,2004,Developing,253,1.38,13.5,9.7,48.615184,86,0.458
63,2003,Developing,268,1.44,13.1,9.3,362.4213785,69,0.445
59.3,2002,Developing,273,1.43,12.8,8.2,339.676984,54,0.427
58.5,2001,Developing,273,1.71,12.4,7.6,321.22634,59,0.412
57.7,2000,Developing,274,1.51,12.1,7.2,3.685949,62,0.401
56.7,2014,Developing,366,0.01,28.4,10.4,1441.1417,86,0.507
56.4,2013,Developing,364,0.01,27.8,10.4,1365.34419,88,0.501
55.9,2012,Developing,369,0.01,27.2,10.4,1255.648189,85,0.496
55.6,2011,Developing,371,6.19,26.6,10,1295.649726,8,0.486
55.3,2010,Developing,37,6.15,26,9.7,1182.869227,83,0.48
54.8,2009,Developing,373,5.89,25.4,9.2,123.19538,79,0.473
54.2,2008,Developing,382,5.9,24.9,8.8,1233.524316,82,0.466
53.6,2007,Developing,395,5.44,24.4,8,111.71186,81,0.456
53.3,2006,Developing,394,5.22,23.8,8.2,12.989164,78,0.456
52.8,2005,Developing,4,5.03,23.3,8.3,952.1872484,79,0.456
52.1,2004,Developing,412,4.71,22.8,8.2,93.211716,72,0.455
51.8,2003,Developing,412,4.64,22.3,8.1,824.8689393,72,0.452
51.6,2002,Developing,47,4.58,21.8,8.4,676.397661,66,0.452
51.5,2001,Developing,41,4.43,21.3,7.1,614.6729339,61,0.437
51.4,2000,Developing,394,3.91,2.9,6.9,68.414399,57,0.433
82,2014,Developing,65,8.1,66.4,15.9,544.43376,91,0.912
81.8,2013,Developing,67,8.2,65.8,15.9,52413.72116,91,0.909
81.6,2012,Developing,68,8.3,65.3,15.9,52496.69487,99,0.907
81.5,2011,Developing,68,8.2,64.7,15.9,5282.2176,87,0.903
81.2,2010,Developing,7,8.4,64.1,15.9,47447.4762,88,0.898
81,2009,Developing,72,8.4,63.6,15.9,4773.45436,89,0.898
87,2008,Developing,74,8.3,63,15.8,46596.33599,89,0.897
85,2007,Developing,74,8.3,62.5,15.8,44544.5268,9,0.894
85,2006,Developing,75,8.2,61.9,15.8,4386.69948,95,0.891
81,2005,Developing,76,8,61.3,15.8,36189.58838,93,0.886
80,2004,Developing,77,7.8,6.6,15.8,31979.87195,91,0.881
79.7,2003,Developing,78,7.7,6,15.8,28172.14883,88,0.877
79.5,2002,Developing,79,7.7,59.3,15.8,24167.8431,88,0.872
79.4,2001,Developing,8,7.6,58.5,15.8,23691.59472,88,0.867
79.1,2000,Developing,82,7.6,57.8,15.9,24124.16917,88,0.864
58,2014,Developing,437,0.01,22.1,7.1,377.132274,47,0.345
49.9,2013,Developing,451,0.01,21.6,7.1,337.4849614,23,0.37
53,2012,Developing,439,0.01,21.2,7.1,486.41114,47,0.366
49.8,2011,Developing,443,1.66,2.7,6.8,494.336779,47,0.361
49.2,2010,Developing,446,1.67,2.2,6.6,446.4434494,46,0.352
48.6,2009,Developing,453,1.56,19.8,6.4,449.961839,45,0.345
47.6,2008,Developing,477,1.52,19.4,6.3,456.8614334,46,0.338
46.8,2007,Developing,495,1.5,19,6.2,397.148467,46,0.33
46.3,2006,Developing,56,1.54,18.6,6,347.673678,47,0.323
45.9,2005,Developing,511,1.5,18.2,5.9,327.1149461,47,0.319
45.7,2004,Developing,512,1.5,17.9,5.7,313.21598,45,0.315
45.7,2003,Developing,51,1.49,17.5,5.6,286.25819,44,0.316
45.6,2002,Developing,58,1.47,17.2,5.4,253.768343,42,0.315
45.6,2001,Developing,54,1.52,16.8,5.3,243.1586486,4,0.314
46,2000,Developing,49,1.51,16.5,5.2,243.5429317,38,0.312
52.6,2014,Developing,362,0.01,18.7,7.3,125.998515,44,0.39
52.2,2013,Developing,366,0.64,18.2,7.3,986.13177,46,0.387
51.8,2012,Developing,367,0.62,17.9,7.3,973.472574,51,0.381
51.6,2011,Developing,365,0.56,17.5,6.7,989.2363633,4,0.37
51.2,2010,Developing,364,0.5,17.1,6.7,896.5697341,43,0.36
57,2009,Developing,37,0.47,16.7,6.3,84.455939,32,0.343
49.6,2008,Developing,394,0.45,16.4,6,929.772391,3,0.338
49.4,2007,Developing,394,0.42,16.1,5.7,81.683884,38,0.306
48.5,2006,Developing,414,0.41,15.7,5.5,712.1847694,49,0.303
48.6,2005,Developing,46,0.42,15.4,5.6,66.2421396,37,0.306
48.5,2004,Developing,45,0.34,15.1,5.6,454.6765879,31,0.301
48.4,2003,Developing,43,0.42,14.8,5.4,292.5914364,36,0.284
48.1,2002,Developing,43,0.36,14.4,5.1,22.854821,31,0.303
48,2001,Developing,4,0.3,14.1,4.9,197.3156442,26,0.3
47.6,2000,Developing,44,0.25,13.9,4.7,166.231785,3,0
83,2014,Developing,83,7.16,63.1,16.2,14817.37778,95,0.841
81,2013,Developing,84,7.2,62.5,15.6,15941.39722,9,0.831
79.9,2012,Developing,84,6.76,61.8,15.5,15431.9293,9,0.826
79.8,2011,Developing,86,7.26,61.2,15.4,1475.69242,93,0.82
79.1,2010,Developing,89,7.93,6.6,15.2,1286.17764,92,0.815
79.3,2009,Developing,91,7.67,59.9,15.3,1243.32824,94,0.816
79.6,2008,Developing,88,7.31,59.3,15.2,1781.3668,95,0.804
78.9,2007,Developing,9,7.39,58.7,14.8,1526.87746,95,0.797
78.9,2006,Developing,91,7.33,58.1,14.9,9484.681227,94,0.796
78.4,2005,Developing,93,7.57,57.4,14.6,7615.3468,92,0.79
78,2004,Developing,97,6.32,56.8,14.3,621.828325,94,0.781
77.9,2003,Developing,1,6.37,56.1,14,4787.699532,96,0.775
77.8,2002,Developing,11,6.06,55.4,13.9,4463.545867,97,0.768
77.3,2001,Developing,16,6.1,54.7,13.7,4595.666327,96,0.761
77.3,2000,Developing,13,6.24,54,13.5,511.368479,91,0.755
75.8,2014,Developing,86,5.78,31.9,13.1,7683.5238,99,0.723
75.6,2013,Developing,88,5.79,3.9,12.7,777.77594,99,0.713
75.4,2012,Developing,89,5.74,3,12.4,6337.882993,99,0.703
75.2,2011,Developing,91,5.63,29,12.8,5633.79616,99,0.7
75,2010,Developing,92,5.75,28.1,12.5,456.512487,99,0.691
74.9,2009,Developing,93,4.88,27.3,12.2,3838.434292,99,0.682
74.5,2008,Developing,97,4.27,26.5,11.9,3471.247547,99,0.672
74.4,2007,Developing,96,3.88,25.7,11.4,2695.366223,94,0.659
74.2,2006,Developing,98,3.28,24.9,11,299.229676,94,0.646
73.9,2005,Developing,99,2.92,24.1,10.6,1753.4178,87,0.634
73.5,2004,Developing,11,3.04,23.4,10.2,158.668462,87,0.622
73.1,2003,Developing,13,2.96,22.6,9.9,1288.642924,87,0.61
72.7,2002,Developing,16,2.91,21.9,9.7,1148.5857,86,0.6
72.2,2001,Developing,11,2.84,21.2,9.6,153.1824,86,0.592
71.7,2000,Developing,115,3.06,2.5,9.5,959.372181,86,0.583
74.6,2014,Developing,144,4.38,57.2,13.6,7913.383432,9,0.72
74.4,2013,Developing,145,4.41,56.4,13.3,83.5863,91,0.712
74.3,2012,Developing,143,4.44,55.7,13.2,7884.984429,91,0.707
74.2,2011,Developing,144,4.37,55,13,7227.73968,85,0.7
73.6,2010,Developing,15,4.28,54.2,12.8,625.65544,88,0.695
73.6,2009,Developing,15,4.34,53.5,12.4,5148.422113,92,0.691
73.5,2008,Developing,146,4.45,52.8,12.2,5433.7245,92,0.683
73.5,2007,Developing,144,4.66,52,11.9,4674.21961,93,0.675
73.1,2006,Developing,147,4.53,51.3,11.5,379.78776,94,0.669
73.1,2005,Developing,144,4.38,5.5,11.1,3386.256,93,0.658
72.8,2004,Developing,148,4.26,49.8,11.3,274.249442,89,0.658
72.4,2003,Developing,15,4.25,49,11.6,2246.257472,92,0.659
71.8,2002,Developing,163,4.45,48.2,11.5,2355.725857,83,0.656
71.5,2001,Developing,165,4.43,47.5,11.4,2395.856551,83,0.653
71.4,2000,Developing,167,4.66,46.7,11.3,2472.197831,82,0.65
63.2,2014,Developing,23,0.01,23.7,11.1,852.954379,87,0.497
62.9,2013,Developing,233,0.01,23.2,10.9,834.341949,85,0.49
62.5,2012,Developing,237,0.01,22.6,10.8,788.632653,85,0.484
62.2,2011,Developing,241,0.12,22.1,10.6,829.7586885,85,0.479
61.8,2010,Developing,246,0.15,21.6,10.5,769.1742883,82,0.476
61.3,2009,Developing,251,0.17,21.1,10.3,778.5454199,84,0.465
61,2008,Developing,255,0.12,2.6,10.2,795.97519,81,0.461
66,2007,Developing,259,0.16,2.1,10,72.759313,75,0.459
63,2006,Developing,262,0.25,19.6,9.9,648.38717,69,0.451
60,2005,Developing,266,0.24,19.2,9.7,621.93372,67,0.434
59.8,2004,Developing,269,0.27,18.8,9.5,616.4197236,73,0
59.6,2003,Developing,271,0.26,18.4,9.2,544.566526,8,0
59.5,2002,Developing,271,0.08,18,8.8,433.2691451,98,0
59.5,2001,Developing,272,0.08,17.6,8.5,395.9319363,7,0
59.5,2000,Developing,272,0.09,17.3,8.2,375.8528566,7,0
79.5,2014,Developing,96,3.45,59.5,13.9,1647.44179,91,0.768
79.4,2013,Developing,96,3.42,58.5,13.7,1569.66631,95,0.762
79.2,2012,Developing,97,3.34,57.5,13.6,9985.36959,9,0.758
79,2011,Developing,98,3.41,56.5,13.4,9186.59639,82,0.752
78.1,2010,Developing,16,3.58,55.5,13.3,8199.414621,93,0.749
79.2,2009,Developing,96,4.07,54.4,13.1,689.396224,8,0.747
78.9,2008,Developing,99,4.22,53.4,12.9,6911.136136,89,0.74
78.9,2007,Developing,93,4.2,52.4,12.8,612.623418,89,0.734
78,2006,Developing,16,4.15,51.4,12.6,5245.187372,89,0.727
78.6,2005,Developing,97,4.1,5.3,12.4,4697.11135,91,0.723
77.7,2004,Developing,12,4.09,49.3,12.2,4425.57467,9,0.719
78,2003,Developing,1,4.04,48.3,12.1,4167.71417,88,0.715
78.3,2002,Developing,99,4.17,47.3,11.9,462.14965,94,0.712
77.5,2001,Developing,1,4.29,46.4,11.7,3981.52847,92,0.708
77.6,2000,Developing,98,4.34,45.4,11.6,388.363689,8,0.702
77.8,2014,Developed,97,12.14,63.1,15.1,13467.46827,95,0.82
77.7,2013,Developed,97,12.39,62.5,14.9,13574.749,96,0.817
77.1,2012,Developed,14,11.49,61.9,14.6,13235.97757,96,0.815
77,2011,Developed,14,12.19,61.3,14.5,14539.18421,96,0.808
76.6,2010,Developed,16,12.1,6.6,14.2,1355.74586,97,0.803
76.3,2009,Developed,19,12.21,6,14.2,14157.14416,96,0.803
76,2008,Developed,116,12.06,59.4,14.3,15893.8656,96,0.8
75.8,2007,Developed,114,12.56,58.7,14.3,13546.69872,96,0.793
75.9,2006,Developed,113,11.83,58.1,13.9,11363.41845,96,0.783
75.2,2005,Developed,116,11.59,57.5,13.6,1224.2459,96,0.777
75.4,2004,Developed,114,13.11,56.9,13.3,9365.742468,96,0.771
74.7,2003,Developed,122,13.78,56.3,12.9,785.881418,95,0.765
74.8,2002,Developed,124,13.39,55.8,12.6,653.71637,95,0.759
74.9,2001,Developed,126,13.15,55.2,12.3,5245.421419,94,0.749
74.7,2000,Developed,127,12.73,54.7,12.2,4919.62869,94,0.739
79,2014,Developing,93,4.37,6.7,14,75.5199,99,0.772
78.7,2013,Developing,96,4.18,59.9,14.7,676.15344,99,0.773
78.7,2012,Developing,96,4.16,59.2,15.7,6425.941119,98,0.778
78.8,2011,Developing,92,4.14,58.4,16.5,675.92436,99,0.78
78,2010,Developing,98,4.13,57.7,17.6,5676.14143,99,0.784
78.1,2009,Developing,11,4.01,56.9,17.7,5484.7763,99,0.782
77.9,2008,Developing,12,4.26,56.2,17.1,5376.447622,99,0.771
78.1,2007,Developing,14,4.13,55.4,16,5184.494227,99,0.754
78,2006,Developing,14,4.17,54.6,14.7,4669.6916,99,0.732
77.2,2005,Developing,19,4.48,53.8,14.2,3779.577,99,0.719
77.3,2004,Developing,17,4.38,53,13.2,339.716256,98,0.705
77.4,2003,Developing,18,4.39,52.1,12.9,3192.669378,98,0.694
77.7,2002,Developing,19,4.1,51.3,12.5,2994.339988,98,0.692
76.7,2001,Developing,115,4.04,5.4,12.3,2832.188893,99,0.686
76.9,2000,Developing,115,3.92,49.4,12.1,2741.11542,98,0.679
83,2014,Developed,53,0.01,59.8,14,2734.88382,99,0.85
81,2013,Developed,54,9.04,59.2,13.8,2797.96736,99,0.85
80,2012,Developed,56,10.55,58.7,13.8,28951.15556,99,0.85
79.7,2011,Developed,57,10.69,58.3,13.8,32233.83942,99,0.847
79.5,2010,Developed,59,11.32,57.8,14.6,3818.46396,99,0.853
79.3,2009,Developed,6,10.8,57.3,14.1,3215.8159,99,0.849
79.1,2008,Developed,62,12.01,56.8,13.7,3539.7488,97,0.844
78.9,2007,Developed,63,11.56,56.3,13.5,31386.63265,97,0.836
78.8,2006,Developed,64,11.47,55.8,13.4,27169.99256,97,0.829
78.7,2005,Developed,65,11.41,55.3,13.5,25324.48666,98,0.826
78.6,2004,Developed,65,13.03,54.8,13.4,23932.49128,98,0.823
78.5,2003,Developed,66,10.62,54.3,13,2293.4789,98,0.815
78.4,2002,Developed,68,11.68,53.8,12.5,16372.29152,98,0.805
78.2,2001,Developed,69,10.16,53.3,12.4,1562.92433,97,0.8
78.1,2000,Developed,7,9.56,52.8,12.5,14672.8826,97,0.798
84,2014,Developed,73,9.64,58.4,19.2,62425.5392,94,0.926
81,2013,Developed,75,9.5,58.1,18.7,61191.19263,94,0.924
80,2012,Developed,76,9.26,57.7,18.4,5857.521,94,0.922
79.7,2011,Developed,79,10.47,57.4,16.9,61753.667,91,0.91
79.2,2010,Developed,84,10.28,57,16.8,5841.41122,9,0.906
78.9,2009,Developed,86,10.08,56.6,16.8,58163.29359,89,0.906
78.8,2008,Developed,88,10.7,56.3,16.8,64322.6664,88,0.906
78.4,2007,Developed,93,10.99,55.9,16.7,58487.451,87,0.904
78.1,2006,Developed,93,11.02,55.4,16.9,5226.99311,93,0.902
78.1,2005,Developed,92,11.28,55,16.6,48799.8237,93,0.897
77.7,2004,Developed,98,11.27,54.4,16.5,46511.6457,95,0.893
77.3,2003,Developed,11,11.54,53.9,16.3,4458.7764,96,0.882
77,2002,Developed,14,11.34,53.3,16.6,33228.69291,98,0.875
77,2001,Developed,12,11.56,52.8,16.2,3751.64946,97,0.862
76.9,2000,Developed,12,11.69,52.2,16.5,3743.55917,97,0.86
63,2014,Developing,252,0.38,34.4,6.3,174.91511,78,0.467
62.7,2013,Developing,256,0.53,33.8,6.3,1622.637974,82,0.464
62.2,2012,Developing,263,0.52,33.2,6.3,1536.15685,81,0.46
61.8,2011,Developing,268,0.39,32.7,5.9,143.986898,87,0.451
61.3,2010,Developing,273,0.44,32.2,5.5,1325.99724,88,0.441
69,2009,Developing,279,0.49,31.7,5.3,1253.657431,89,0.436
62,2008,Developing,289,0.49,31.3,5,1214.77118,89,0.427
59.8,2007,Developing,296,0.45,3.9,4.5,147.586896,88,0.416
59.1,2006,Developing,39,1.02,3.6,4.3,965.6693779,72,0.405
58.6,2005,Developing,318,1.23,3.2,4,94.7297489,71,0.396
58.1,2004,Developing,326,1.18,29.8,3.7,864.184726,64,0.388
58,2003,Developing,325,1.02,29.4,3.5,819.974118,68,0.378
57.9,2002,Developing,322,1.03,29,3.3,792.15412,62,0.372
57.7,2001,Developing,323,0.95,28.6,2.9,781.2322196,49,0.363
57.4,2000,Developing,325,1.34,28.2,2.9,768.176767,46,0.361
73.6,2014,Developing,154,5.92,57.9,13.2,6268.692122,9,0.712
73.4,2013,Developing,157,5.93,56.8,13.2,627.55544,82,0.709
72.1,2012,Developing,174,5.93,55.8,13.1,5968.876767,85,0.706
73.1,2011,Developing,16,5.91,54.7,13,5759.643,84,0.703
72.7,2010,Developing,166,6.02,53.6,12.9,5451.6696,85,0.697
73.6,2009,Developing,157,6.05,52.6,12.9,4952.67753,85,0.695
73.3,2008,Developing,161,6.12,51.5,12.8,511.37937,86,0.692
72.9,2007,Developing,164,6.05,5.4,12.7,4647.31359,86,0.685
72.3,2006,Developing,178,6.2,49.3,12.6,3836.468771,88,0.677
69.7,2005,Developing,28,5.71,48.2,12.6,3681.5993,86,0.668
69.3,2004,Developing,214,5.16,47.2,12.5,2421.9662,66,0.666
73,2003,Developing,22,6.32,46.1,12.4,2372.628827,65,0.665
71.4,2002,Developing,189,6.43,45.1,12.3,38.46578,74,0.66
71.2,2001,Developing,188,6.13,44.1,12.3,2862.154836,71,0.656
72,2000,Developing,176,6.58,43.1,12.2,282.4242,71,0.651
76,2014,Developing,121,3.82,53.5,14,6432.216537,84,0.737
76,2013,Developing,121,3.77,52.8,13.4,674.9829,87,0.725
75.5,2012,Developing,127,3.92,52.1,13.3,572.14313,85,0.717
75.3,2011,Developing,131,3.99,51.4,13.2,5223.351763,85,0.71
75,2010,Developing,134,3.95,5.7,13.1,4657.32361,88,0.703
75.1,2009,Developing,137,3.87,5,13.1,4255.56571,91,0.702
74.6,2008,Developing,139,3.76,49.3,13,4274.95265,94,0.698
74.7,2007,Developing,14,3.63,48.6,12.9,359.71886,95,0.696
74.4,2006,Developing,144,3.52,47.9,12.8,335.786541,92,0.693
74.2,2005,Developing,151,3.54,47.2,12.8,321.942547,89,0.688
74.4,2004,Developing,148,3.65,46.5,12.7,278.557892,9,0.682
74.4,2003,Developing,151,3.69,45.8,12.6,244.46898,97,0.679
73.6,2002,Developing,157,3.88,45.1,12.5,2183.966796,88,0.675
73.4,2001,Developing,158,4.13,44.3,12.4,193.741571,9,0.67
72.8,2000,Developing,163,3.99,43.6,12.4,1451.29776,83,0.668
73.3,2014,Developing,181,2.52,55.4,13.2,3988.771871,93,0.676
73,2013,Developing,184,2.42,54.7,13.2,3895.664491,92,0.675
73,2012,Developing,181,2.48,54.1,13.2,3827.786267,93,0.67
72,2011,Developing,197,2.37,53.4,13,3736.58713,9,0.666
72,2010,Developing,191,2.36,52.8,12.9,3474.392445,89,0.662
71.4,2009,Developing,23,2.55,52.1,12.8,3366.482133,91,0.662
71.7,2008,Developing,194,2.68,51.4,13.4,357.347674,98,0.659
71.2,2007,Developing,23,2.83,5.8,12.9,334.83817,99,0.657
75,2006,Developing,211,2.77,5.1,12.9,362.951768,96,0.651
71,2005,Developing,213,2.77,49.4,12.7,2835.281237,89,0.644
70,2004,Developing,215,2.9,48.6,12.4,2632.79942,9,0.636
69.9,2003,Developing,29,3.1,47.8,12,2519.737387,93,0.628
73,2002,Developing,24,2.97,47,11.8,248.4125,81,0.621
68.9,2001,Developing,219,2.88,46.2,11.6,2338.772244,94,0.615
69,2000,Developing,218,2.79,45.3,11.3,2238.4116,98,0.607
57.9,2014,Developing,32,0.01,24,9.2,192.59733,24,0.582
57.4,2013,Developing,327,10.72,23.5,9.2,2246.9938,3,0.586
56.7,2012,Developing,337,11.89,23,9.2,21557.6528,3,0.583
56.2,2011,Developing,344,10.99,22.6,9.2,21451.88617,39,0.58
56.1,2010,Developing,339,9.93,22.1,9.2,17136.44568,59,0.589
55.7,2009,Developing,34,7.97,21.7,9.1,1653.2937,57,0.59
55.4,2008,Developing,338,8.34,21.3,9.1,22742.38159,55,0.592
55,2007,Developing,339,6.86,2.9,9,15761.83913,54,0.587
54.8,2006,Developing,337,7.28,2.5,9,12732.2759,52,0.569
54.4,2005,Developing,337,7.19,2.2,8.7,185.63334,5,0.563
54.1,2004,Developing,336,6.28,19.8,8.5,685.34897,48,0.553
53.8,2003,Developing,334,7.13,19.5,8.4,3577.176197,46,0.554
53.5,2002,Developing,334,6.01,19.1,8.2,2711.17114,44,0.542
53.1,2001,Developing,334,5.07,18.7,8,2283.87939,43,0.527
52.7,2000,Developing,336,4.46,18.3,0,172.68491,41,0
62.9,2011,Developing,286,0.62,16.5,5,582.775532,96,0.405
62.1,2010,Developing,298,0.61,16,5.1,482.14994,9,0.404
61.4,2009,Developing,311,0.63,15.5,5.2,43.7544499,92,0.402
67,2008,Developing,322,0.49,15.1,5.2,326.825642,94,0.406
62,2007,Developing,329,1.23,14.7,5.3,317.3294336,91,0.405
59.7,2006,Developing,336,0.97,14.3,5.3,297.828588,94,0.405
59.4,2005,Developing,34,1.07,13.9,5.4,276.75896,96,0
59.1,2004,Developing,342,0.64,13.6,5,287.4222243,98,0
58.8,2003,Developing,343,0.56,13.3,4.7,232.7945459,95,0
58.5,2002,Developing,343,0.83,13.1,4.4,21.7687981,92,0
58.1,2001,Developing,345,0.61,12.8,4.3,215.139213,89,0
45.3,2000,Developing,593,0.83,12.6,3.9,28.1969487,82,0
77.3,2014,Developing,122,0.01,59.4,16.5,19941.45532,93,0.86
76.9,2013,Developing,127,0.01,59,16.5,1929.7746,94,0.856
76.3,2012,Developing,135,0.01,58.5,16.5,17421.8922,94,0.85
76.1,2011,Developing,138,0.01,58,16.4,17454.84342,93,0.838
75.6,2010,Developing,137,14.97,57.6,16.2,14638.6482,94,0.833
74.9,2009,Developing,156,15.04,57.1,16.1,14726.31828,95,0.836
74.2,2008,Developing,167,16.99,56.7,16.1,1894.5485,95,0.835
73,2007,Developing,189,17.87,56.3,16.1,16586.452,95,0.829
73,2006,Developing,188,16.58,55.9,16.1,12595.4165,95,0.822
72.8,2005,Developing,189,15.52,55.5,15.9,1338.31322,96,0.812
72.3,2004,Developing,195,15.07,55.2,15.7,885.465115,95,0.805
71.9,2003,Developing,199,11.64,54.9,15.6,7174.237415,95,0.798
71.2,2002,Developing,211,11.48,54.6,15.4,538.347781,94,0.791
78,2001,Developing,225,0.01,54.3,15,4498.95727,94,0.781
78,2000,Developing,218,0.01,54,14.4,47.32827,93,0.764
64.2,2014,Developing,234,0.01,17.2,8.4,571.1622759,75,0.435
63.7,2013,Developing,237,1.86,16.8,8.4,52.1535887,7,0.427
63.3,2012,Developing,241,1.84,16.4,8.4,468.567249,7,0.422
62.6,2011,Developing,249,1.32,16,8.2,354.8463544,7,0.411
61.8,2010,Developing,261,1.34,15.6,8.1,341.39992,69,0.401
68,2009,Developing,274,1.17,15.3,8.1,379.7566385,65,0.393
59.8,2008,Developing,289,1.13,14.9,7.6,325.3825543,63,0.378
58.5,2007,Developing,39,1.06,14.5,7.1,243.326822,61,0.362
57.2,2006,Developing,328,1.22,14.2,6.6,193.794956,59,0.346
56,2005,Developing,343,0.99,13.8,5.8,161.6266248,56,0.325
55,2004,Developing,354,0.86,13.5,5.4,135.7623858,54,0.31
54,2003,Developing,363,0.79,13.2,5.2,118.8734466,55,0.306
53.2,2002,Developing,369,0.8,12.9,4.9,111.3634356,55,0.298
52.5,2001,Developing,372,0.85,12.6,4.3,12.1789279,55,0.283
51.2,2000,Developing,391,0.88,12.3,3.9,123.876257,55,0
69.7,2014,Developing,19,0.01,61.9,15.2,546.3728,99,0.727
69.6,2013,Developing,192,0.01,61.1,15,4763.68956,99,0.719
69.4,2012,Developing,195,0.01,6.2,14.9,4546.73854,99,0.714
69.2,2011,Developing,197,0.01,59.5,14.7,4353.121392,99,0.709
69.1,2010,Developing,2,2.25,58.7,14.6,3651.966784,99,0.706
68.9,2009,Developing,23,2.31,58,14.5,3369.48247,99,0.704
68.7,2008,Developing,26,1.95,57.3,14.3,4177.657789,99,0.7
68.6,2007,Developing,29,2.09,56.6,14.2,478.82327,99,0.698
68.5,2006,Developing,211,2.06,55.9,14,3749.939813,98,0.695
68.3,2005,Developing,214,2.02,55.1,13.9,3658.63832,97,0.699
68.1,2004,Developing,218,1.63,54.2,13.4,3332.918533,96,0.691
68,2003,Developing,22,1.76,53.2,13.3,2835.973972,95,0.689
67.9,2002,Developing,22,1.85,52.2,13.3,2259.55796,94,0.687
67.8,2001,Developing,221,1.93,51.2,13.2,238.891729,92,0.683
67.7,2000,Developing,221,2.05,5.2,13.1,276.1338,91,0.681
89,2014,Developing,78,8.8,61.7,17,49914.61864,98,0.89
87,2013,Developing,79,8.97,61.4,17,49638.7713,98,0.887
84,2012,Developing,82,9.24,61,17,47415.55987,99,0.884
83,2011,Developing,86,9.81,6.6,16.9,579.72415,99,0.878
79.9,2010,Developing,89,9.72,6.2,16.8,4622.41516,99,0.874
79.7,2009,Developing,91,9.96,59.8,17,4717.15571,99,0.878
79.6,2008,Developing,94,10.26,59.4,17.1,5341.31487,97,0.876
79.3,2007,Developing,96,10.45,59,17.2,48288.5491,97,0.873
79.2,2006,Developing,96,10.15,58.6,17.2,4112.67651,97,0.869
78.9,2005,Developing,11,9.95,58.1,17.1,38969.17163,97,0.864
78.7,2004,Developing,12,9.89,57.6,18.3,37636.11173,96,0.869
78.4,2003,Developing,98,9.31,57.1,18.1,32816.1688,96,0.866
78.1,2002,Developing,98,9.25,56.6,18,26834.2625,95,0.863
78,2001,Developing,1,8.94,56.1,17.7,24913.24452,95,0.856
77.5,2000,Developing,15,8.59,55.5,17.3,24253.2542,96,0.847
82.2,2014,Developing,79,11.5,62,16.2,42955.24287,98,0.89
82,2013,Developing,81,11.1,61.6,16.2,42554.1225,99,0.887
81.5,2012,Developing,83,11.5,61.1,16.1,4838.2444,99,0.885
81.7,2011,Developing,83,11.8,6.6,16.1,4381.288,99,0.882
81.3,2010,Developing,86,11.7,6.1,16,473.34279,99,0.879
81.1,2009,Developing,88,11.8,59.6,16,41631.13141,98,0.879
89,2008,Developing,88,11.9,59.1,16.1,45413.6571,98,0.877
89,2007,Developing,89,12.2,58.6,16.1,416.58397,99,0.873
86,2006,Developing,92,12.4,58,16.1,36544.5853,99,0.87
81,2005,Developing,93,12.2,57.5,15.5,34879.72633,98,0.86
82,2004,Developing,94,13.18,57,15.5,33874.74255,99,0.857
79.3,2003,Developing,99,13.49,56.4,15.4,29691.18158,96,0.852
79.2,2002,Developing,11,13.78,55.8,15.5,24275.2426,97,0.851
79,2001,Developing,13,13.89,55.2,15.6,22527.31775,98,0.849
78.8,2000,Developing,13,13.63,54.6,15.7,22465.64184,98,0.844
65.5,2014,Developing,237,0.01,35.8,12.6,9692.163874,68,0.687
64.6,2013,Developing,255,8.86,35.2,12.5,9679.742995,77,0.678
63.5,2012,Developing,276,8.3,34.6,12.5,9774.18117,8,0.669
62.8,2011,Developing,289,8.9,34.1,12.5,1716.2258,75,0.664
62.3,2010,Developing,294,8.85,33.5,12.5,8754.113376,68,0.66
61.7,2009,Developing,31,8.64,33,12.4,763.66223,74,0.652
61.6,2008,Developing,298,8.75,32.4,12.4,194.2746,81,0.651
61.6,2007,Developing,291,9.02,31.9,12.4,8352.81711,78,0.645
61.4,2006,Developing,288,8.01,31.4,12.4,727.777345,44,0.646
65,2005,Developing,37,7.72,3.8,12.4,6741.293948,44,0.64
59.7,2004,Developing,322,8.13,3.3,12.3,5685.577736,44,0.64
59.7,2003,Developing,32,6.47,29.8,12.3,4892.11618,44,0.638
59.7,2002,Developing,315,8.34,29.2,12.3,412.55271,44,0.636
59.8,2001,Developing,37,9.29,28.7,12.3,3976.14887,44,0.633
61,2000,Developing,296,8.87,28.1,12.2,4116.46693,44,0.637
74.5,2014,Developing,125,6.13,55.3,13.5,4429.6575,91,0.759
74.5,2013,Developing,128,5.91,54.4,13.5,4274.376857,94,0.755
74.2,2012,Developing,13,7.71,53.6,13.4,4142.869175,93,0.749
73.9,2011,Developing,127,8.14,52.8,13.3,3725.63221,88,0.742
73.8,2010,Developing,132,7.24,52,13.3,2964.47734,88,0.738
73.2,2009,Developing,133,6.66,51.3,12.8,276.588512,93,0.734
73.9,2008,Developing,128,7.17,5.5,13.1,3174.9491,9,0.735
74.4,2007,Developing,12,8.65,49.9,12.5,2492.12878,88,0.722
73.9,2006,Developing,126,6.18,49.2,12.6,1872.68416,89,0.714
73.9,2005,Developing,128,4.7,48.6,12.2,153.57521,82,0.703
72.3,2004,Developing,134,3.74,48.1,12,127.367228,66,0.694
72.7,2003,Developing,132,3.36,47.5,11.8,928.18227,74,0.684
71.7,2002,Developing,142,2.72,47,11.8,779.3845935,89,0.677
73,2001,Developing,121,2.76,46.5,11.7,733.974142,83,0.673
71.8,2000,Developing,129,3.28,46,11.4,691.997711,81,0
89,2014,Developed,69,11.03,61.9,17,4792.65288,94,0.92
86,2013,Developed,71,10.94,61.4,16.9,4653.91143,94,0.919
86,2012,Developed,71,11.18,6.9,16.9,4465.24891,94,0.916
85,2011,Developed,74,11.2,6.4,16.8,4681.32796,94,0.912
81,2010,Developed,76,11.2,59.9,16.7,41785.55691,94,0.907
80,2009,Developed,79,11.22,59.5,16.7,41732.7725,95,0.906
79.9,2008,Developed,8,11.36,59,16.6,45699.19832,95,0.903
79.8,2007,Developed,82,11.5,58.5,16.6,41814.8191,95,0.898
79.6,2006,Developed,84,11.76,58,16.5,36447.87232,94,0.892
79.2,2005,Developed,85,11.67,57.6,16.4,34696.6292,95,0.884
79.1,2004,Developed,86,11.83,57.1,16.4,34165.9343,96,0.877
78.5,2003,Developed,9,11.92,56.6,16.3,3359.95215,96,0.872
78.4,2002,Developed,91,12.25,56.1,16.3,2525.16445,97,0.867
78.3,2001,Developed,92,12.46,55.6,16.2,23687.31689,96,0.86
78,2000,Developed,95,12.91,55.1,16.2,23718.7467,94,0.855
62.1,2014,Developing,253,0.01,28,11.7,1432.227943,93,0.576
61.9,2013,Developing,254,0.01,27.3,11.5,1814.492297,91,0.57
61.6,2012,Developing,257,0.01,26.7,11.2,1629.8222,91,0.563
61.2,2011,Developing,263,1.64,26.1,10.9,1574.978653,91,0.554
69,2010,Developing,267,1.69,25.5,10.5,1312.67557,94,0.547
66,2009,Developing,271,1.76,24.9,10.4,186.76538,94,0.542
63,2008,Developing,275,1.78,24.2,9.8,1224.41554,92,0.53
59.9,2007,Developing,28,1.25,23.6,9.1,19.686718,94,0.519
59.4,2006,Developing,288,1.7,23,8.7,922.9351677,84,0.51
58.9,2005,Developing,296,1.5,22.4,8.1,498.172394,85,0.499
58.3,2004,Developing,34,1.46,21.8,7.7,423.1936389,81,0.491
57.9,2003,Developing,38,1.53,21.2,7.9,373.2815537,8,0.489
57.6,2002,Developing,31,1.6,2.7,7.6,39.484473,8,0.484
57.4,2001,Developing,39,1.49,2.1,8,273.6596668,81,0.485
57.2,2000,Developing,38,1.6,19.5,7.7,263.1124679,88,0.48
88,2014,Developing,73,7.53,66,17.2,21673.7817,99,0.862
86,2013,Developing,74,7.46,65.4,17.1,21874.8195,99,0.86
84,2012,Developing,76,8.2,64.9,16.8,22242.68193,99,0.858
85,2011,Developing,76,8.02,64.3,16.7,25916.29353,99,0.86
83,2010,Developing,76,9,63.7,16.4,26917.75898,99,0.859
80,2009,Developing,78,9.08,63.1,16.2,2971.973,99,0.857
79.9,2008,Developing,77,9.51,62.4,15.9,31997.2821,99,0.853
79.4,2007,Developing,8,9.67,61.8,16.4,28827.32636,99,0.855
79.7,2006,Developing,77,9.42,61.2,16.3,2481.15781,98,0.85
79.3,2005,Developing,81,9.95,6.5,15.6,22551.73574,96,0.839
79.2,2004,Developing,81,9.56,59.9,15.3,21955.149,95,0.83
79.1,2003,Developing,81,9.46,59.2,15.2,18477.57841,93,0.823
79,2002,Developing,81,8.09,58.6,14.6,1411.31339,92,0.811
78.7,2001,Developing,83,8.62,58,14.2,12538.17883,9,0.801
78.2,2000,Developing,84,8.48,57.4,13.9,1242.95373,89,0.794
73.5,2014,Developing,143,8.42,47.4,15.8,8569.776998,81,0.749
73.3,2013,Developing,144,8.25,46.5,15.8,7955.615985,98,0.746
73.1,2012,Developing,146,8.07,45.6,15.8,7583.1872,98,0.744
72.9,2011,Developing,15,7.84,44.7,15.8,741.48438,95,0.741
72.6,2010,Developing,154,7.91,43.9,15.8,7365.666659,94,0
72.4,2009,Developing,158,8.42,43.1,15.6,7395.88125,99,0
72.1,2008,Developing,162,8.92,42.4,15.4,7946.944346,99,0
71.9,2007,Developing,164,9.06,41.8,15.3,7322.596862,96,0
71.7,2006,Developing,167,9.06,41.1,15.1,6764.722867,91,0
71.5,2005,Developing,169,8.8,4.5,14.9,6754.512393,99,0
73,2004,Developing,187,8.43,39.9,14.8,5836.17763,84,0
71.1,2003,Developing,173,9.75,39.4,14.6,5773.73577,98,0
79,2002,Developing,176,10.71,38.8,14.4,5292.232379,98,0
77,2001,Developing,178,9.61,38.2,14.3,519.958715,96,0
74,2000,Developing,182,9.4,37.7,14.1,5117.589923,97,0
71.7,2014,Developing,187,1.88,49.9,10.7,3687.763767,65,0.614
71.4,2013,Developing,189,1.93,49.3,10.7,3452.828934,84,0.611
71.3,2012,Developing,189,2.02,48.6,10.6,3299.65139,94,0.616
71.1,2011,Developing,193,2.16,47.9,10.5,3187.845296,88,0.609
77,2010,Developing,196,2.14,47.2,10.5,2825.5247,94,0.602
76,2009,Developing,198,2.14,46.5,10.4,2635.753474,92,0.596
79,2008,Developing,19,2.21,45.9,10.4,2794.22189,96,0.589
75,2007,Developing,192,2.4,45.2,10.1,2489.955836,85,0.578
69.7,2006,Developing,24,2.38,44.5,9.8,2256.56724,9,0.57
69.2,2005,Developing,28,2.35,43.8,9.6,277.83438,87,0.567
69.6,2004,Developing,21,2.4,43.1,9.3,1872.73783,88,0.564
69.4,2003,Developing,24,2.45,42.4,9,1753.349471,84,0.56
69.3,2002,Developing,21,2.41,41.7,8.8,171.771491,82,0.553
68.4,2001,Developing,211,2.53,41.1,8.5,1568.376276,78,0.546
67.7,2000,Developing,221,2.63,4.4,8.2,1655.596261,8,0.539
58.1,2014,Developing,299,0.01,22.7,8.6,561.997387,42,0.412
58.8,2013,Developing,284,0.01,22.2,8.5,54.169324,63,0.406
58.4,2012,Developing,288,0.01,21.7,8.5,52.3485646,63,0.396
58.1,2011,Developing,29,0.22,21.2,8.4,459.2912,63,0.385
57.8,2010,Developing,291,0.2,2.8,8.3,438.7513346,62,0.38
57.3,2009,Developing,297,0.18,2.3,8.1,436.6895539,6,0.376
56.8,2008,Developing,33,0.21,19.8,7.9,437.4467238,59,0.371
56.4,2007,Developing,36,0.19,19.4,7.6,49.456775,46,0.364
55.6,2006,Developing,317,0.16,19,7.1,296.68382,53,0.356
54.7,2005,Developing,327,0.21,18.5,6.6,33.424498,59,0.346
54,2004,Developing,334,0.34,18.1,5.1,386.3288283,65,0.325
53.3,2003,Developing,338,0.18,17.7,5.9,37.1931781,61,0.338
52.9,2002,Developing,337,0.21,17.3,5.5,322.811171,56,0.329
52.5,2001,Developing,336,0.17,16.9,5.1,315.83983,52,0.322
52.5,2000,Developing,328,0.17,16.6,4.8,34.516918,47,0.316
58.4,2014,Developing,282,0.01,25.6,9.2,642.6256154,87,0.419
58.1,2013,Developing,279,0.01,25,9.1,61.566347,87,0.415
57.6,2012,Developing,285,0.01,24.3,9.1,67.7518833,87,0.416
57.1,2011,Developing,289,3.57,23.7,9,692.69989,85,0.41
56.7,2010,Developing,287,3.21,23.1,8.9,543.957418,82,0.405
56.3,2009,Developing,288,2.55,22.5,8.9,544.222779,78,0.401
55.6,2008,Developing,297,2.64,21.9,8.8,583.5445622,77,0.398
55,2007,Developing,32,2.98,21.3,8.8,481.694976,76,0.394
54.4,2006,Developing,36,3.22,2.7,8.3,418.94454,74,0.388
53.9,2005,Developing,37,3.1,2.1,8,424.9534585,73,0
53.5,2004,Developing,38,2.58,19.6,7.7,393.3138244,69,0
53,2003,Developing,38,2.16,19,7.4,36.5718585,65,0
52.8,2002,Developing,35,2.47,18.5,7.1,321.481324,61,0
52.5,2001,Developing,32,2.55,17.9,6.7,39.486749,56,0
52.1,2000,Developing,3,2.84,17.4,6.4,297.7519443,52,0
66,2014,Developing,217,7.64,45.9,10.3,43.82321,97,0.636
65.9,2013,Developing,218,7.56,45,10.3,3944.178173,98,0.633
65.8,2012,Developing,22,7.57,44.1,10.6,3785.935665,97,0.63
65.6,2011,Developing,229,7.56,43.2,10.3,3439.597513,93,0.624
65.9,2010,Developing,221,7.52,42.4,10.2,326.281212,95,0.618
66.1,2009,Developing,218,7.49,41.6,10.5,2716.35256,97,0.618
66.3,2008,Developing,218,7.32,4.9,10.7,2576.124957,93,0.618
65.7,2007,Developing,232,7.2,4.3,11.2,2327.58324,94,0.62
65.2,2006,Developing,24,7.04,39.6,11.7,1945.6395,92,0.622
65,2005,Developing,238,7.35,39,11.4,198.455216,93,0.619
65.1,2004,Developing,237,7.84,38.4,11.2,145.58861,91,0.613
65.3,2003,Developing,237,7.93,37.8,11.1,986.7958173,91,0.611
65.3,2002,Developing,244,7.73,37.1,11,96.8674827,93,0.609
65.4,2001,Developing,247,6.71,36.4,10.9,925.582546,9,0.606
65.4,2000,Developing,246,6.63,35.7,10.9,946.599372,79,0.602
63.1,2014,Developing,245,0.01,48.8,9.1,83.1148117,55,0.487
62.7,2013,Developing,253,5.68,47.7,9.1,81.265673,67,0.483
62.3,2012,Developing,259,5.68,46.5,8.9,766.8437623,67,0.477
62.3,2011,Developing,259,5.68,45.3,8.7,74.9358452,67,0.47
36.3,2010,Developing,682,5.76,44.2,8.6,662.2795182,66,0.47
62.5,2009,Developing,251,5.85,43,8.5,668.297646,65,0.466
62.1,2008,Developing,259,5.95,41.8,8.4,674.7564147,64,0.462
61.8,2007,Developing,266,6.08,4.7,8.4,615.8198192,62,0.458
61.1,2006,Developing,28,6.18,39.6,8.3,55.47626,61,0.455
65,2005,Developing,29,5.57,38.5,8.2,465.311876,6,0.452
58.7,2004,Developing,32,6.1,37.5,8.1,387.9429725,58,0.45
59.7,2003,Developing,3,6.64,36.5,8.1,329.782946,56,0.447
59.3,2002,Developing,33,6.1,35.6,8,393.16327,54,0.444
58.9,2001,Developing,35,6.22,34.8,7.9,413.7383164,52,0.443
58.6,2000,Developing,35,4.79,34,7.8,462.486524,5,0.439
74.5,2014,Developing,149,2.87,5.2,11.4,2242.711912,97,0.618
74.3,2013,Developing,15,3.11,49.3,11.6,2136.77395,97,0.614
74.1,2012,Developing,151,3.11,48.4,11.6,2178.38325,97,0.614
73.9,2011,Developing,153,3.1,47.6,11.7,212.584798,97,0.611
73.6,2010,Developing,156,3.1,46.8,11.5,1932.85829,97,0.606
73.4,2009,Developing,157,3.08,45.9,11.3,1815.489496,97,0.603
73.2,2008,Developing,159,3.14,45.1,11.1,1751.595857,93,0.597
73,2007,Developing,16,3.16,44.3,10.9,1592.572182,94,0.59
72.8,2006,Developing,161,3.23,43.5,10.8,1437.628785,94,0.583
72.5,2005,Developing,163,3.23,42.8,10.6,1311.741714,98,0.577
72.2,2004,Developing,165,3.02,42,10.4,1217.657961,94,0.571
71.9,2003,Developing,166,3.04,41.2,10.3,1157.3427,92,0.566
71.6,2002,Developing,169,3.09,4.4,10.1,1132.8721,95,0.561
71.3,2001,Developing,171,2.74,39.6,9.9,113.4546,99,0.557
71,2000,Developing,174,2.61,38.8,9.8,188.783165,88,0.551
75.6,2014,Developed,137,0.01,64.2,15.8,14117.97668,99,0.834
75.5,2013,Developed,139,10.88,63.6,15.4,13613.6147,99,0.824
75,2012,Developed,146,11.27,63,15.4,12834.32349,99,0.823
74.8,2011,Developed,15,11.51,62.4,15.4,1448.87958,99,0.821
74.5,2010,Developed,156,10.78,61.7,15.3,1325.53379,99,0.817
74.2,2009,Developed,162,11.46,61.1,15.3,12967.16543,99,0.816
74.1,2008,Developed,165,11.64,6.5,15.3,15669.25929,99,0.812
73.5,2007,Developed,176,12.55,59.9,15.3,13842.6549,99,0.809
73.4,2006,Developed,177,13.16,59.3,15.2,11398.76584,99,0.802
72.9,2005,Developed,182,12.94,58.8,15,11161.72441,99,0.795
72.9,2004,Developed,18,13.28,58.2,15.3,1259.5266,99,0.793
72.5,2003,Developed,184,13.24,57.6,14.9,8396.25323,99,0.784
72.5,2002,Developed,184,13.29,57.1,14.6,665.6443,98,0.775
72.3,2001,Developed,185,13.18,56.6,14.2,527.85364,99,0.769
71.7,2000,Developed,193,12.22,56.1,13.9,4623.46712,99,0.761
82.5,2014,Developed,49,7.45,6.6,19,52473.11356,9,0.915
82.4,2013,Developed,5,7.31,6.2,19,4781.3888,91,0.907
82.5,2012,Developed,5,7.81,59.7,18.7,44333.8518,89,0.901
82.1,2011,Developed,51,8.13,59.3,18.6,46.217,95,0.894
81.8,2010,Developed,53,8.25,58.9,18.4,41676.44527,96,0.894
81.6,2009,Developed,55,10.22,58.5,18.4,4461.89251,96,0.894
81.4,2008,Developed,58,8.49,58.1,18.2,55575.29196,98,0.892
81.3,2007,Developed,59,7.53,57.8,18.2,68348.31817,97,0.887
81.1,2006,Developed,61,7.2,57.4,18.1,5613.54115,97,0.884
81,2005,Developed,62,7.05,56.9,17.9,56249.7555,95,0.879
88,2004,Developed,65,6.79,56.5,18.3,46917.27216,99,0.873
87,2003,Developed,65,6.61,55.9,17.6,3944.999,97,0.866
84,2002,Developed,7,6.61,55.4,17.2,31996.2172,95,0.859
80,2001,Developed,72,6.37,54.8,17.1,28585.9254,92,0.854
79.7,2000,Developed,74,6.17,54.2,16.8,31813.37344,98,0.847
68,2014,Developing,184,3.07,18.1,11.6,1573.11889,84,0.607
67.6,2013,Developing,187,3.11,17.5,11.5,1452.195373,82,0.599
67.3,2012,Developing,19,3.1,17,11.3,1446.98541,79,0.59
66.8,2011,Developing,193,3,16.4,10.8,1461.671957,79,0.58
66.4,2010,Developing,196,2.77,15.9,10.4,1345.77153,76,0.569
66,2009,Developing,2,2.5,15.4,10.5,19.317765,73,0.563
65.5,2008,Developing,23,1.93,14.9,10.2,991.484634,69,0.556
65.2,2007,Developing,26,1.59,14.4,9.9,118.166373,67,0.546
64.8,2006,Developing,28,1.37,13.9,9.7,792.259698,66,0.536
64.4,2005,Developing,211,1.27,13.5,9.4,77.819,65,0.526
64,2004,Developing,214,1.2,13,9.2,621.3183767,58,0.518
63.7,2003,Developing,216,1.19,12.6,8.6,541.1352279,57,0.505
63.3,2002,Developing,219,1.1,12.2,8.4,466.2842,58,0.499
62.9,2001,Developing,222,1,11.8,8.3,447.138966,58,0.494
62.5,2000,Developing,224,0.93,11.4,8.3,438.864634,57,0.489
68.9,2014,Developing,179,0.09,26.5,12.9,3491.595887,8,0.682
68.7,2013,Developing,181,0.09,25.6,12.9,362.663981,86,0.677
68.5,2012,Developing,183,0.08,24.7,12.6,3687.953996,84,0.669
68.3,2011,Developing,185,0.08,23.8,12.3,3634.27685,81,0.662
68.1,2010,Developing,187,0.08,22.9,12.1,3113.48635,82,0.656
67.9,2009,Developing,189,0.08,22.1,11.7,2254.44566,85,0.645
67.7,2008,Developing,189,0.07,21.3,11.7,216.52766,83,0.641
67.5,2007,Developing,19,0.06,2.5,11,1855.93915,77,0.638
67.3,2006,Developing,191,0.06,19.7,10.9,1586.254,78,0.632
67.2,2005,Developing,19,0.06,19,11.1,126.928834,79,0.629
65.3,2004,Developing,213,0.06,18.2,11,1148.56996,79,0.624
66.9,2003,Developing,189,0.05,17.5,10.8,164.59447,8,0.613
66.7,2002,Developing,189,0.05,16.7,10.6,899.5556857,8,0.608
66.5,2001,Developing,188,0.06,16,10.6,747.9817455,77,0.604
66.3,2000,Developing,188,0.06,15.4,10.7,78.92744,72,0.597
67.9,2014,Developing,199,0.01,58.5,10.1,673.74737,67,0.658
69.5,2013,Developing,17,0.01,57.8,10.3,6925.22446,7,0.659
76,2012,Developing,147,0.01,57.2,10.5,6651.12242,7,0.656
77,2011,Developing,144,0.17,56.5,10.4,5854.614497,8,0.649
76,2010,Developing,145,0.19,55.8,10.4,452.74948,74,0.646
74,2009,Developing,148,0.2,55.2,10.3,3735.144836,78,0.643
69.3,2008,Developing,167,0.17,54.5,10.3,4521.3247,71,0.638
65.9,2007,Developing,227,0.14,53.8,10.2,3129.224922,74,0.636
64.7,2006,Developing,249,0.03,53.2,10.2,2351.812429,63,0.631
66.8,2005,Developing,29,0.18,52.5,10.1,1849.63911,69,0.628
67.2,2004,Developing,21,0.32,51.9,9.8,1391.816923,69,0.603
81.2,2014,Developed,66,10.75,62.1,18.6,5553.32623,96,0.91
81,2013,Developed,67,10.49,61.3,18.6,5234.76736,96,0.902
85,2012,Developed,69,11.49,6.5,18.5,49231.36254,95,0.895
84,2011,Developed,7,11.72,59.7,18.5,52567.52568,95,0.909
86,2010,Developed,68,11.88,58.9,18.2,48538.58776,94,0.907
79.7,2009,Developed,77,11.41,58.2,17.9,51983.78892,94,0.909
79.8,2008,Developed,75,12.66,57.4,17.9,61235.415,93,0.908
79.5,2007,Developed,75,13.59,56.6,17.6,61388.17457,92,0.902
79,2006,Developed,78,13.44,55.8,17.6,54326.9713,91,0.896
78.7,2005,Developed,78,13.31,55.1,17.5,5886.82789,9,0.889
78.3,2004,Developed,82,13.32,54.4,17.1,47631.6377,89,0.88
78,2003,Developed,82,13.24,53.6,16.8,4117.15532,86,0.87
77.4,2002,Developed,88,14.17,52.9,16.5,32539.1937,83,0.862
77,2001,Developed,89,14.27,52.2,16.4,28223.55528,84,0.857
76.4,2000,Developed,94,14.07,51.5,16.2,26241.91883,86,0.848
82.2,2014,Developing,6,2.62,64.6,16,37582.84624,95,0.895
82.1,2013,Developing,61,2.69,64.2,15.9,36393.66932,96,0.891
81.8,2012,Developing,6,2.78,63.8,15.9,32569.59683,94,0.889
81.8,2011,Developing,61,2.67,63.4,15.8,33657.15727,94,0.883
81.7,2010,Developing,61,2.63,63,15.7,3661.994,95,0.878
81.5,2009,Developing,63,2.55,62.6,15.6,27795.87671,96,0.876
81,2008,Developing,65,2.47,62.1,15.8,29657.4421,94,0.877
84,2007,Developing,68,2.33,61.6,15.7,258.637,95,0.872
84,2006,Developing,68,2.23,61.1,15.7,2195.1769,94,0.87
80,2005,Developing,71,2.41,6.6,15.8,2611.17931,95,0.866
81,2004,Developing,69,2.23,6.1,15.9,19888.172,95,0.863
79.7,2003,Developing,71,2.32,59.6,16,18946.99942,93,0.863
79.3,2002,Developing,74,2.47,59.2,15.3,18431.15696,91,0.855
79.3,2001,Developing,74,2.53,58.7,15.1,236.19646,93,0.85
78.9,2000,Developing,76,2.53,58.3,15.2,2152.1432,93,0.845
82.5,2014,Developed,57,7.56,63.1,16.3,35396.66517,95,0.877
82.3,2013,Developed,58,7.35,62.6,16.5,3537.27441,96,0.876
82,2012,Developed,6,7.49,62.1,16.6,34814.12436,96,0.877
82,2011,Developed,6,6.98,61.5,16.4,38334.68477,96,0.872
81.8,2010,Developed,6,6.95,61,16.4,35849.37364,96,0.869
81.6,2009,Developed,61,7.25,6.5,16.3,36976.84512,96,0.868
81.5,2008,Developed,61,7.96,59.9,16.3,464.18465,96,0.866
81.3,2007,Developed,63,8.37,59.4,16.1,37698.78573,97,0.862
81.2,2006,Developed,65,8.44,58.8,16,3341.7482,97,0.856
88,2005,Developed,66,8.65,58.2,15.8,31959.26215,97,0.851
89,2004,Developed,66,8.98,57.6,15.6,31174.56118,97,0.846
79.9,2003,Developed,72,9.3,57,15.4,27387.2258,97,0.841
80,2002,Developed,72,9.25,56.4,15.2,22196.5736,96,0.836
79.8,2001,Developed,75,9.69,55.7,14.9,24.819,96,0.828
79.4,2000,Developed,77,9.78,55,14.8,251.2426,97,0.823
75.8,2014,Developing,133,3.83,53.5,12.8,4855.743789,93,0.727
75.6,2013,Developing,136,3.79,52.7,12.8,56.144952,86,0.727
75.3,2012,Developing,138,3.65,52,12.8,521.33363,96,0.725
75.2,2011,Developing,139,3.58,51.2,12.8,513.549487,93,0.722
75,2010,Developing,138,3.55,5.5,12.7,4682.728424,94,0.721
74.7,2009,Developing,142,3.33,49.7,12.7,4293.383274,9,0.721
74.5,2008,Developing,145,3.51,48.9,12.6,492.492378,91,0.718
74.2,2007,Developing,148,3.64,48.1,12.5,462.517913,94,0.714
74,2006,Developing,15,3.63,47.2,12.5,4313.1682,99,0.709
73.5,2005,Developing,161,3.59,46.3,12.4,482.24762,99,0.706
73.3,2004,Developing,165,3.67,45.4,11.1,3719.97351,97,0.689
73.1,2003,Developing,166,3.48,44.5,11.9,3465.221998,99,0.694
73,2002,Developing,167,3.76,43.5,11.7,3596.496282,99,0.69
72.7,2001,Developing,171,3.89,42.5,10.9,3394.878,99,0.68
72.6,2000,Developing,171,3.46,41.6,11.4,336.8742,95,0.682
83.5,2014,Developed,57,0.01,28.6,15.3,3896.21151,99,0.899
83.5,2013,Developed,56,7.55,28.2,15.3,4454.44746,99,0.894
83.3,2012,Developed,58,7.39,27.8,15.3,4863.47665,99,0.889
82.5,2011,Developed,64,7.39,27.4,15.1,48167.99727,96,0.884
83,2010,Developed,62,6.9,26.9,15.1,4457.67639,98,0.879
83,2009,Developed,64,7.09,26.4,15,4855.17564,99,0.881
82.7,2008,Developed,66,7.11,25.9,15,39339.29757,98,0.88
82.6,2007,Developed,67,7.29,25.4,15,35275.22843,97,0.877
82.4,2006,Developed,68,7.49,24.9,14.9,35433.98896,95,0.873
82,2005,Developed,69,7.99,24.4,14.9,37217.64873,95,0.87
82.1,2004,Developed,68,7.7,23.8,14.8,37688.72234,97,0.866
81.9,2003,Developed,7,7.83,23.4,14.8,3488.3992,97,0.863
81.8,2002,Developed,7,7.87,22.9,14.7,32289.3554,89,0.86
81.5,2001,Developed,72,8.03,22.5,14.6,33846.46564,81,0.856
81.1,2000,Developed,74,7.97,22.2,14.5,38532.488,98,0.852
74,2014,Developing,113,0.41,64.8,13.1,466.94775,98,0.737
73.9,2013,Developing,114,0.4,64,13.1,3992.86717,98,0.737
73.7,2012,Developing,115,0.41,63.2,12.9,387.753211,98,0.735
73.6,2011,Developing,116,0.43,62.4,13.1,387.324145,98,0.737
73.4,2010,Developing,117,0.51,61.7,13.2,3679.19275,98,0.739
73.3,2009,Developing,118,0.59,6.9,13.6,3492.1396,98,0.742
73.1,2008,Developing,119,0.61,6.1,13.6,3385.69665,98,0.739
73,2007,Developing,12,0.6,59.3,13.6,2762.86354,98,0.736
72.8,2006,Developing,121,0.59,58.6,13.7,2537.349,98,0.733
72.4,2005,Developing,127,0.55,57.8,13.8,223.83787,95,0.73
72.5,2004,Developing,125,0.54,57,13.5,261.456882,95,0.723
72.3,2003,Developing,127,0.54,56.3,13.2,1889.213962,97,0.717
72.1,2002,Developing,129,0.54,55.5,13,1812.288374,95,0.712
71.9,2001,Developing,131,0.55,54.8,12.7,1728.2659,97,0.706
71.7,2000,Developing,133,0.49,54,12.6,1657.889256,94,0.7
69.9,2014,Developing,22,6.29,52.3,15,1286.56511,95,0.789
69.5,2013,Developing,28,6.48,51.4,15,1389.8561,98,0.782
69.1,2012,Developing,214,6.82,5.6,14.7,12387.18982,98,0.774
68.5,2011,Developing,224,6.63,49.9,14.4,11634.42422,99,0.766
67.8,2010,Developing,236,6.83,49.2,14.5,97.649972,98,0.763
67.8,2009,Developing,235,6.64,48.5,14.6,7165.2775,99,0.758
66.6,2008,Developing,258,7.6,47.9,14.6,8513.564645,99,0.758
65.3,2007,Developing,288,7.44,47.3,14.7,6771.414797,94,0.754
65,2006,Developing,295,7.08,46.8,14.3,5291.57565,99,0.747
64.6,2005,Developing,294,6.94,46.3,13.9,3771.278957,99,0.737
64.7,2004,Developing,287,6.55,45.8,13.5,2874.288291,99,0.725
64.4,2003,Developing,282,6.58,45.3,13.1,268.123657,99,0.714
64.7,2002,Developing,276,5.99,44.8,12.7,1658.31146,95,0.7
64.4,2001,Developing,284,5.75,44.4,12.3,149.926751,95,0.685
63.9,2000,Developing,292,6,43.9,12.1,1229.958,96,0.676
62.9,2014,Developing,255,0.01,21.3,11.1,1335.6458,93,0.546
62.6,2013,Developing,258,1.84,2.7,11.1,1229.114798,94,0.541
62.1,2012,Developing,263,1.81,2.1,11.1,1155.2582,94,0.536
61.2,2011,Developing,278,1.8,19.5,11.1,987.4453967,97,0.53
63,2010,Developing,294,1.73,18.9,11.1,967.34773,9,0.523
59.1,2009,Developing,317,1.86,18.4,10.7,92.816252,89,0.514
57.9,2008,Developing,339,1.71,17.9,10.4,916.8992515,88,0.506
56.8,2007,Developing,356,1.97,17.3,10.1,839.181117,76,0.494
55.3,2006,Developing,388,1.76,16.9,9.7,697.66385,77,0.483
54.1,2005,Developing,412,1.82,16.4,9.6,519.7999346,7,0.474
53,2004,Developing,432,1.43,15.9,8.9,458.8843551,73,0.461
52.4,2003,Developing,437,1.49,15.5,8.2,436.6875357,75,0.45
52.1,2002,Developing,437,1.66,15.1,8.5,395.8493511,83,0.451
51.9,2001,Developing,434,1.63,14.7,8.4,41.7763612,77,0.447
51.9,2000,Developing,428,1.51,14.4,8.4,43.9797132,8,0.448
66.1,2014,Developing,2,0.01,77.1,11.9,1684.54274,79,0.597
65.8,2013,Developing,22,0.01,76.7,11.9,1724.361737,91,0.589
65.7,2012,Developing,24,0.01,76.2,11.9,1763.815497,92,0.581
65.5,2011,Developing,26,0.53,75.7,11.9,1692.613277,95,0.585
65.3,2010,Developing,27,0.48,75.2,11.9,1493.1651,95,0.584
65.2,2009,Developing,28,0.54,74.6,11.9,1297.285141,84,0.576
65.1,2008,Developing,21,0.46,74.1,11.6,1413.3234,74,0.572
65,2007,Developing,211,0.68,73.4,11.8,1357.632211,93,0.574
65,2006,Developing,212,0.76,72.8,12.1,1151.555618,86,0.576
64.9,2005,Developing,213,0.6,72.1,12.2,1214.556667,74,0
64.8,2004,Developing,214,0.48,71.4,12.4,113.6286,61,0
64.7,2003,Developing,215,0.5,7.6,11.6,115.3865,79,0
64.6,2002,Developing,217,0.49,69.7,11.7,826.58554,96,0
64.3,2001,Developing,219,0.6,68.8,10.4,734.9492461,88,0
64.1,2000,Developing,222,0.46,67.9,10,796.7937634,9,0
74.6,2014,Developing,82,0.01,7.8,13,42996.4812,94,0.787
74.5,2013,Developing,83,0.01,7.2,13.1,48399.9581,99,0.796
74.3,2012,Developing,84,0.01,69.5,13.2,51264.7134,98,0.794
74.2,2011,Developing,85,0.02,69,13.4,48268.5912,99,0.792
74,2010,Developing,86,0.01,68.4,13.5,38497.61696,98,0.79
73.9,2009,Developing,87,0.1,67.9,13.6,37567.3121,99,0.788
73.8,2008,Developing,88,0.03,67.5,13.8,55571.9986,99,0.787
73.7,2007,Developing,89,0.03,67.1,13.9,45793.97614,99,0.787
73.6,2006,Developing,89,0.01,66.7,14.1,42717.55725,99,0.787
73.6,2005,Developing,9,0.01,66.3,14.2,3549.26132,99,0.789
73.5,2004,Developing,91,0.02,65.9,14.4,26921.8278,98,0.791
73.4,2003,Developing,93,0.03,65.5,14.1,2271.56961,99,0.788
73.3,2002,Developing,94,0.01,65,13.9,17789.41981,99,0.785
73.2,2001,Developing,95,0.01,64.5,14,1654.96761,99,0.786
73.2,2000,Developing,96,0.01,64,14.1,18389.38433,94,0.786
74.4,2014,Developed,156,0.01,6.7,16,15725.1374,92,0.822
74.1,2013,Developed,161,10.37,6.2,15.4,1532.22924,94,0.814
73.8,2012,Developed,163,10.21,59.8,15.5,13822.8559,91,0.812
73.6,2011,Developed,169,10.14,59.4,15.8,1372.68947,92,0.81
72.8,2010,Developed,18,9.8,58.9,16,11326.21947,92,0.815
72.6,2009,Developed,184,9.85,58.5,16.4,12219.37379,94,0.821
71.9,2008,Developed,199,11.84,58.1,16.3,16348.53121,94,0.819
78,2007,Developed,221,12.12,57.7,16.2,1444.1589,94,0.814
75,2006,Developed,229,10.4,57.4,16.2,9667.9757,96,0.807
76,2005,Developed,216,9.92,57,15.9,7558.7426,99,0.791
71,2004,Developed,26,8.81,56.6,15.5,6351.8125,99,0.776
78,2003,Developed,29,8.24,56.3,15.2,5134.95694,98,0.761
73,2002,Developed,219,7.44,56,14.8,4132.34927,98,0.746
69.9,2001,Developed,228,6.68,55.7,14.2,3572.8513,97,0.728
71,2000,Developed,218,7.13,55.4,13.7,3352.731296,96,0.716
74.8,2014,Developing,99,1.32,65.4,13.3,8161.4614,75,0.763
74.9,2013,Developing,97,1.29,64.9,13.3,846.285153,75,0.766
75,2012,Developing,93,1.53,64.4,13.3,8787.94668,75,0.763
75,2011,Developing,93,1.57,64,13.2,8734.9653,75,0.758
74.9,2010,Developing,94,1.58,63.5,13.3,8763.826274,75,0.752
74.7,2009,Developing,95,1.62,63,13.2,84.268878,75,0.746
74.5,2008,Developing,98,1.67,62.5,13.1,712.775759,75,0.74
74.4,2007,Developing,98,1.72,61.9,12.9,614.271115,75,0.731
74.1,2006,Developing,1,1.82,61.4,13.2,5372.65899,75,0.733
73.9,2005,Developing,11,1.94,6.8,13.7,5339.441291,74,0
73.7,2004,Developing,13,2.1,6.2,14.2,5424.22356,74,0
73.5,2003,Developing,15,2.19,59.7,14.8,5425.6697,74,0
73.2,2002,Developing,17,1.98,59.1,15.2,5436.595223,77,0
73,2001,Developing,11,2.19,58.6,15,5253.122599,8,0
72.7,2000,Developing,112,2.26,57.9,14.9,5334.93329,83,0
52.1,2014,Developing,522,0.01,32,10.8,1174.839214,9,0.491
52.1,2013,Developing,518,0.01,31.4,11.1,1196.1335,9,0.484
52.2,2012,Developing,513,0.01,3.8,11,1281.516,93,0.479
52.3,2011,Developing,52,2.39,3.2,11,1352.38433,95,0.469
51.1,2010,Developing,527,2.71,29.7,10.9,1173.26212,92,0.464
49.4,2009,Developing,566,2.75,29.2,10.8,923.136931,89,0.453
47.8,2008,Developing,592,2.75,28.8,10.7,934.428563,86,0.447
46.2,2007,Developing,633,2.69,28.3,10.6,918.432717,87,0.44
45.3,2006,Developing,654,2.61,27.9,10.7,915.775754,88,0.437
44.5,2005,Developing,675,2.67,27.4,10.7,862.9463118,88,0.437
44.8,2004,Developing,666,1.8,26.9,10.7,781.5145936,89,0.439
45.5,2003,Developing,648,1.99,26.4,10.5,63.636279,9,0.44
46.4,2002,Developing,622,2.95,25.9,10.4,47.89395,84,0.446
47.8,2001,Developing,586,2.86,25.4,10.3,437.819184,78,0.443
49.3,2000,Developing,543,3.1,24.9,9.6,474.8197876,82,0.445
58.1,2014,Developing,329,0.01,26.7,9.9,458.4651734,49,0.426
61.1,2013,Developing,258,0.01,26.1,9.8,454.1222236,75,0.419
67,2012,Developing,261,0.01,25.6,9.6,415.361958,8,0.416
62,2011,Developing,266,3.72,25,9.5,379.689583,77,0.406
59.7,2010,Developing,272,3.64,24.5,9.6,327.42597,71,0.403
59.2,2009,Developing,277,3.75,24,9.7,33.667491,84,0.4
58.6,2008,Developing,281,3.88,23.4,9.8,232.61732,79,0.394
57.9,2007,Developing,286,4.03,22.9,9.9,21.3733292,67,0.383
56.7,2006,Developing,32,4.05,22.4,10,178.92799,66,0.377
55.3,2005,Developing,316,4.19,22,10.1,168.648254,66,0.372
54,2004,Developing,329,4.24,21.5,10.2,149.4452549,47,0.335
50,2003,Developing,42,4.21,21.1,10.3,133.494518,49,0.373
56,2002,Developing,371,4.27,2.7,10.4,177.285187,51,0.376
51.5,2001,Developing,333,4.4,2.4,10.5,174.1815473,54,0.386
51.9,2000,Developing,39,4.46,2.2,8.7,183.4149991,56,0.338
71.3,2011,Developing,161,0.01,6.9,14,562.549434,98,0.756
72.8,2010,Developing,132,0.01,59.9,14.3,1212.56217,98,0.755
72.7,2009,Developing,132,0.01,59,14.6,1296.97353,98,0.757
72.6,2008,Developing,132,0.01,58.2,14.8,14396.4865,98,0.757
72.5,2007,Developing,132,0.01,57.4,15.1,1138.56661,98,0.756
72.2,2006,Developing,134,0.01,56.7,15.4,9344.987518,98,0.752
71.9,2005,Developing,138,0.01,56,15.7,8171.361651,98,0.748
71.5,2004,Developing,141,0.01,55.3,15.9,586.8364,97,0.747
71.3,2003,Developing,144,0.01,54.6,16,4676.96753,95,0.74
71.1,2002,Developing,146,0.01,54,15.8,375.442638,93,0.736
71,2001,Developing,147,0.01,53.4,15.7,6269.58123,94,0.732
78,2000,Developing,148,0.01,52.8,15.5,7145.628494,94,0.727
73.4,2014,Developed,169,15.19,61.9,16.5,16554.97139,93,0.841
73,2013,Developed,178,15.04,61.4,16.4,15712.82376,93,0.834
73,2012,Developed,176,15.14,6.9,16.5,14341.836,93,0.83
72.8,2011,Developed,18,12.66,6.5,16.7,14357.73679,92,0.826
72.4,2010,Developed,188,12.9,6,16.8,11984.86857,95,0.824
72.2,2009,Developed,192,12.4,59.7,16.6,11837.3913,98,0.825
71.1,2008,Developed,224,13.3,59.3,16.5,14961.56818,96,0.82
72,2007,Developed,24,13.4,59,16.4,12297.91535,95,0.812
76,2006,Developed,229,12.7,58.7,16.4,924.642548,94,0.807
78,2005,Developed,222,12.3,58.4,16.2,7863.1629,93,0.798
71.6,2004,Developed,24,12.1,58.1,16.3,676.966998,9,0.792
71.6,2003,Developed,22,11.29,57.8,15.8,555.535669,91,0.78
71.4,2002,Developed,22,11,57.5,15.3,4146.987928,97,0.77
71.2,2001,Developed,21,10.2,57.2,14.7,353.147337,97,0.757
71.6,2000,Developed,2,9.87,56.9,14,3297.35471,92,0.745
81.7,2014,Developed,65,11.12,6.9,13.9,119172.7418,99,0.892
81.4,2013,Developed,68,11.02,6.5,13.9,113751.85,99,0.892
81.1,2012,Developed,7,11.34,6.1,13.9,16749.136,99,0.892
88,2011,Developed,72,11.5,59.6,13.9,115761.577,96,0.894
86,2010,Developed,73,11.36,59.2,13.7,14965.361,96,0.884
83,2009,Developed,76,11.42,58.8,13.5,13198.6693,96,0.888
80,2008,Developed,8,11.53,58.4,13.5,114293.8433,96,0.887
79.7,2007,Developed,82,11.75,57.9,13.5,1618.4928,96,0.877
79.4,2006,Developed,85,11.98,57.5,13.5,89739.7117,99,0.88
78.8,2005,Developed,9,11.84,57,13.5,8289.69641,99,0.874
78.7,2004,Developed,92,12.42,56.4,13.5,75716.3518,99,0.867
78.6,2003,Developed,92,12.61,55.8,13.6,65445.8853,99,0.865
78.3,2002,Developed,95,12.91,55.2,13.5,5293.64115,99,0.86
78,2001,Developed,96,12.89,54.6,13.4,48179.4285,99,0.854
77.8,2000,Developed,98,13.14,54,13.5,48735.99549,99,0.848
65.1,2014,Developing,225,0.01,2,10.3,452.4631926,73,0.509
64.7,2013,Developing,23,0.87,19.5,10.3,461.723722,73,0.508
64.3,2012,Developing,235,0.87,19,10.2,443.9611,71,0.506
63.8,2011,Developing,241,0.97,18.5,10.2,454.963464,73,0.504
63.3,2010,Developing,248,1.03,18,10.2,412.739341,7,0.503
62.8,2009,Developing,254,0.91,17.6,9.7,415.6893226,76,0.5
62.3,2008,Developing,259,0.68,17.1,9.4,47.733254,77,0.491
61.9,2007,Developing,261,0.71,16.7,9.1,377.8482928,83,0.483
61.4,2006,Developing,263,0.68,16.3,9,292.157443,83,0.478
69,2005,Developing,265,0.72,15.8,8.9,274.819723,8,0.473
64,2004,Developing,267,0.81,15.4,8.7,245.1235876,74,0.466
59.9,2003,Developing,268,0.93,15,8.5,316.7998965,65,0.457
59.3,2002,Developing,271,0.9,14.7,8.3,262.2859481,61,0.462
58.7,2001,Developing,276,1.05,14.3,8.2,278.555732,6,0.456
57.9,2000,Developing,283,1.16,13.9,8,245.939659,58,0
57.6,2014,Developing,377,0.01,19.2,10.7,354.7253961,87,0.466
56.7,2013,Developing,394,0.01,18.8,10.7,332.922339,89,0.459
55.3,2012,Developing,42,0.01,18.4,10.7,374.51882,95,0.454
54.1,2011,Developing,441,1.23,18,10.6,512.125451,97,0.444
52.9,2010,Developing,462,1.08,17.6,10.2,458.8681744,86,0.43
51.5,2009,Developing,491,1.16,17.3,9.9,42.7379657,93,0.415
50,2008,Developing,525,1.27,16.9,9.6,372.842678,92,0.4
48.5,2007,Developing,559,1.18,16.6,9.7,32.2227274,88,0.387
47.1,2006,Developing,587,1.18,16.2,9.6,297.6971211,99,0.377
46,2005,Developing,66,1.04,15.9,9.7,28.3673842,94,0.371
45.1,2004,Developing,615,1.11,15.5,10,274.2256294,94,0.366
44.6,2003,Developing,613,1.08,15.2,10.3,26.152517,85,0.362
44,2002,Developing,67,1.1,14.8,10.4,29.9798977,79,0.388
43.5,2001,Developing,599,1.15,14.4,10.1,146.7615397,86,0.387
43.1,2000,Developing,588,1.18,14.1,10.7,153.2594872,73,0.391
74.8,2014,Developing,126,0.52,39.5,13,11183.96191,97,0.783
74.6,2013,Developing,128,0.53,38.5,12.9,1882.27842,97,0.779
74.5,2012,Developing,129,0.53,37.4,12.9,1779.49641,97,0.776
74.3,2011,Developing,13,0.51,36.3,13,145.1262,96,0.774
74.1,2010,Developing,131,0.49,35.3,12.8,971.356987,96,0.764
74,2009,Developing,131,0.47,34.4,12.6,7326.744435,97,0.756
73.8,2008,Developing,132,0.47,33.4,12.5,8513.629541,97,0.747
73.7,2007,Developing,133,0.43,32.5,12.3,7269.17114,97,0.736
73.6,2006,Developing,134,0.42,31.6,12.7,6222.982955,95,0.732
73.4,2005,Developing,135,0.46,3.7,12.9,5593.822995,96,0.734
73.2,2004,Developing,137,0.49,29.8,12.7,4955.477743,95,0.731
73.1,2003,Developing,138,0.48,28.8,12.1,4463.675893,96,0.724
72.9,2002,Developing,14,0.49,27.9,12,4167.364387,94,0.723
72.7,2001,Developing,144,0.53,27,11.9,3915.11546,95,0.725
72.4,2000,Developing,149,0.54,26,11.6,445.17471,98,0.715
78.2,2014,Developing,62,0.01,26.2,12.7,7716.2415,99,0.693
77.9,2013,Developing,64,0.01,25.1,12.4,7112.33575,99,0.683
77.6,2012,Developing,65,0.01,24.1,12.1,6541.7465,99,0.675
77.3,2011,Developing,67,1.92,23.1,11.8,6497.55443,96,0.663
76.7,2010,Developing,73,1.83,22.1,11.6,633.79498,97,0.653
76.3,2009,Developing,75,1.59,21.2,11.8,597.1659,98,0.651
75.9,2008,Developing,81,1.76,2.3,11.8,5828.621374,98,0.641
75.4,2007,Developing,82,1.78,19.5,11.9,52.862285,98,0.632
75,2006,Developing,88,1.62,18.7,12,4428.522898,98,0.622
74.3,2005,Developing,93,1.47,18,12.1,3488.493769,98,0.625
73.4,2004,Developing,16,1.6,17.3,12.2,3853.33348,96,0.617
72.7,2003,Developing,112,1.75,16.7,11.8,3432.247841,98,0.601
71.8,2002,Developing,124,1.95,16.2,12,32.37239,98,0.597
78,2001,Developing,129,1.98,15.6,11.8,298.67598,97,0.587
69.6,2000,Developing,139,1.83,15.2,11.3,2182.99711,98,0.577
57.8,2014,Developing,272,0.01,23.2,8.2,825.5729915,74,0.43
57.3,2013,Developing,275,0.01,22.5,8,777.659139,7,0.421
57.2,2012,Developing,27,0.01,21.9,7.7,777.3476868,72,0.411
56.8,2011,Developing,271,0.61,21.3,7.5,835.88998,72,0.404
56.5,2010,Developing,273,0.6,2.7,7.3,78.377632,77,0.396
56,2009,Developing,276,0.59,2.2,7.1,697.153124,77,0.385
55.5,2008,Developing,278,0.57,19.6,5.8,689.6784228,74,0.36
55,2007,Developing,282,0.55,19,6.4,595.6368319,76,0.363
54.3,2006,Developing,288,0.53,18.5,6.1,521.6425796,79,0.35
53.6,2005,Developing,29,0.55,18,5.8,487.942556,78,0.338
52.8,2004,Developing,296,0.49,17.5,5.5,439.3572924,7,0.333
52,2003,Developing,299,0.54,17,5.2,391.791281,67,0.318
51.2,2002,Developing,31,0.53,16.5,4.9,334.22416,65,0.308
55,2001,Developing,34,0.51,16.1,4.6,36.8473237,56,0.297
49.8,2000,Developing,37,0.47,15.6,4.4,269.3483829,53,0.291
81.4,2014,Developed,55,8.49,69.2,14.3,2618.92599,99,0.847
81.1,2013,Developed,57,8.58,68.8,14.2,2393.1888,99,0.828
81,2012,Developed,58,7.67,68.4,14.1,2193.8836,99,0.821
87,2011,Developed,59,6.91,68,14.8,22821.847,96,0.826
83,2010,Developed,62,7.91,67.6,14.6,2187.79469,76,0.819
82,2009,Developed,63,7.38,67.1,14.4,2675.58259,73,0.815
80,2008,Developed,64,7.14,66.6,14.6,21928.767,72,0.813
79.6,2007,Developed,65,7.45,66.1,14.4,19375.5696,76,0.808
79.3,2006,Developed,66,8.84,65.6,14.8,16671.5672,83,0.809
79,2005,Developed,67,6.41,65,14.8,15835.34667,94,0.805
78.7,2004,Developed,69,6.53,64.5,14.2,1519.5497,89,0.797
78.5,2003,Developed,71,6.7,63.9,13.8,13689.98999,94,0.79
78.2,2002,Developed,75,5.73,63.4,13.8,11843.9392,95,0.786
77.8,2001,Developed,79,5.62,62.8,13.7,1121.78636,95,0.783
77.5,2000,Developed,8,5.59,62.3,13.8,1139.5651,94,0.779
63,2014,Developing,26,0.01,3.1,8.5,1326.66882,84,0.509
62.7,2013,Developing,28,0.01,29.4,8.2,145.57838,8,0.501
62.5,2012,Developing,29,0.01,28.8,7.8,1364.283745,8,0.491
62.2,2011,Developing,212,0.01,28.1,7.7,1393.261593,73,0.487
62,2010,Developing,214,0.01,27.4,7.6,123.383675,52,0.484
61.7,2009,Developing,215,0.01,26.8,7.1,146.83851,63,0.476
61.4,2008,Developing,217,0.02,26.1,7.2,1167.535689,73,0.475
61.2,2007,Developing,219,0.02,25.5,7.4,113.3128,75,0.475
69,2006,Developing,221,0.01,24.8,7.2,944.134851,68,0.466
66,2005,Developing,223,0.01,24.2,7.2,697.7451989,71,0.461
64,2004,Developing,224,0.01,23.6,6.7,62.547286,68,0.451
63,2003,Developing,226,0.01,22.9,6.6,528.586613,75,0.447
62,2002,Developing,228,0.02,22.3,6.5,46.9542322,91,0.446
61,2001,Developing,229,0.01,21.7,6.5,464.229758,75,0.444
60,2000,Developing,23,0.03,21.1,6.4,477.476124,58,0.443
74.2,2014,Developing,148,0.01,32.8,14.7,1153.93822,98,0.769
74.1,2013,Developing,147,0.01,32.3,14.7,9637.265,98,0.765
73.9,2012,Developing,154,0.01,31.8,14.3,9291.227619,98,0.756
73.6,2011,Developing,158,3.03,31.3,14.1,9197.26972,98,0.748
73.3,2010,Developing,163,2.95,3.7,14,8.376432,99,0.74
72.8,2009,Developing,166,2.83,3.2,13.8,7318.12641,99,0.734
72.7,2008,Developing,166,2.49,29.7,13.6,83.635,99,0.728
72.9,2007,Developing,161,3.24,29.1,13.5,6574.654338,96,0.72
71.8,2006,Developing,165,3.73,28.6,13.4,5695.969327,98,0.713
72.1,2005,Developing,168,3.94,28,13,5116.45424,97,0.704
71.9,2004,Developing,168,4.16,27.5,12.8,5229.876738,98,0.696
71.5,2003,Developing,174,4.08,26.9,12.6,4623.347642,99,0.687
71.5,2002,Developing,179,4.14,26.4,12.5,3957.51296,88,0.683
71.5,2001,Developing,177,4.38,25.8,12.2,3792.182152,93,0.673
71,2000,Developing,177,4.6,25.3,12.1,3861.32414,88,0.667
76.6,2014,Developing,122,5.26,62.8,13.1,1452.27766,87,0.754
76.6,2013,Developing,12,5.23,62.1,12.9,1298.86766,83,0.753
76.3,2012,Developing,123,5.29,61.5,12.7,982.532572,99,0.748
76.1,2011,Developing,124,5.3,6.8,12.6,9834.472689,97,0.745
75.6,2010,Developing,127,5.21,6.1,12.5,8959.581416,95,0.739
75.7,2009,Developing,13,5.27,59.4,12.5,7748.12331,95,0.738
75.6,2008,Developing,127,5.36,58.7,12.3,9689.52887,96,0.735
76,2007,Developing,123,5.35,57.9,12.3,933.341687,98,0.731
75.8,2006,Developing,125,5.11,57.2,12.2,8767.92258,98,0.723
75.3,2005,Developing,126,4.93,56.4,12.2,7986.798439,98,0.719
75.4,2004,Developing,124,4.9,55.7,12.1,7199.59665,98,0.714
75,2003,Developing,127,4.88,54.9,11.9,6751.998987,98,0.708
75,2002,Developing,127,4.77,54.1,11.6,716.8219,98,0.703
75,2001,Developing,126,4.86,53.2,11.6,731.378864,97,0.7
74.8,2000,Developing,129,4.99,52.4,11.4,672.92113,97,0.694
68.4,2014,Developing,225,0.01,51.5,14.8,4181.583321,99,0.729
68.1,2013,Developing,227,0.01,5.4,14.7,4385.379355,98,0.72
67.8,2012,Developing,231,0.01,49.2,14.7,4368.82248,99,0.712
67.3,2011,Developing,235,0.01,48,14.6,3769.595255,99,0.701
66.3,2010,Developing,25,5.8,46.9,14.3,265.353659,96,0.693
66.9,2009,Developing,235,4.61,45.9,13.8,1717.898761,96,0.686
67.4,2008,Developing,225,4.26,44.9,13.4,2139.625631,95,0.673
65.9,2007,Developing,26,3.79,43.9,13,1634.81431,99,0.661
65,2006,Developing,271,2.91,43,12.7,1334.651896,98,0.649
64.5,2005,Developing,274,2.75,42.1,11.8,998.8226671,99,0.637
64,2004,Developing,284,1.75,41.3,11.2,797.8377432,99,0.621
64,2003,Developing,271,1.31,4.5,10.5,646.561295,98,0.609
63.8,2002,Developing,263,2.43,39.8,10.1,571.51883,98,0.599
63.2,2001,Developing,266,2.87,39.1,9.4,524.145924,95,0.588
62.8,2000,Developing,274,2.79,38.5,8.9,474.2133361,94,0.582
75.9,2014,Developing,17,0.01,61.3,15.1,7378.345289,91,0.803
75.8,2013,Developing,19,0.01,6.7,15.1,7186.429787,94,0.799
75.6,2012,Developing,11,0.01,6.2,15.1,6586.71929,94,0.797
75.4,2011,Developing,113,6.56,59.7,15.1,7318.742449,95,0.792
75.3,2010,Developing,115,6.56,59.1,15,6682.281158,93,0.787
75,2009,Developing,117,6.45,58.5,14.6,6698.79439,91,0.785
74.6,2008,Developing,121,6.17,57.8,14.2,7325.73474,95,0.774
74.2,2007,Developing,125,4.98,57.2,13.6,5957.145693,92,0.762
73.8,2006,Developing,13,5.38,56.5,13.2,4383.59597,9,0.751
74.1,2014,Developing,96,0.43,57.5,12.1,3154.513484,99,0.64
73.9,2013,Developing,97,0.45,56.5,12.1,3111.762887,99,0.634
73.6,2012,Developing,99,0.55,55.5,11.6,294.746728,99,0.623
73.3,2011,Developing,14,0.54,54.6,11.2,339.91616,98,0.612
72.8,2010,Developing,11,0.56,53.6,10.7,2834.2472,99,0.603
72.3,2009,Developing,116,0.62,52.7,10.5,2861.5545,99,0.596
71.8,2008,Developing,123,0.51,51.7,10.3,2884.94776,99,0.589
71.4,2007,Developing,128,0.56,5.8,10,2494.353552,95,0.581
71,2006,Developing,133,0.58,49.9,10,2191.478567,97,0.575
77,2005,Developing,137,0.47,49.1,9.8,213.755559,98,0.569
72,2004,Developing,142,0.56,48.2,9.6,1948.812275,97,0.561
69.9,2003,Developing,146,0.58,47.3,9.3,1721.973863,91,0.551
69.5,2002,Developing,15,0.46,46.5,8.8,1413.757176,94,0.54
69,2001,Developing,155,0.46,45.7,8.5,1336.775376,93,0.53
68.6,2000,Developing,16,0.45,44.8,8,1332.382358,95,0.519
56.7,2014,Developing,375,0.01,22.2,9.1,623.2871141,79,0.409
55.3,2013,Developing,46,1.16,21.8,9.1,65.985681,78,0.405
54.8,2012,Developing,48,1.19,21.3,9.2,566.513873,73,0.4
54.3,2011,Developing,47,0.94,2.9,9.5,526.5313517,73,0.397
54,2010,Developing,47,0.96,2.5,9.3,419.2258149,73,0.39
53.8,2009,Developing,4,1.18,2.1,9.2,463.852618,74,0.382
53.2,2008,Developing,45,1.48,19.7,8.8,53.127719,74,0.372
52.1,2007,Developing,425,1.03,19.3,8.2,422.1461573,75,0.36
51.2,2006,Developing,434,1.2,18.9,7.9,385.7567141,73,0.353
58,2005,Developing,434,1.23,18.5,7.3,369.1545359,71,0.341
54,2004,Developing,429,1.54,18.1,7,336.3318145,69,0.332
51,2003,Developing,424,1.68,17.7,6.7,283.8911588,67,0.318
49.8,2002,Developing,416,2.16,17.3,6.2,262.884551,76,0.311
49.5,2001,Developing,48,2.09,16.9,5.8,256.4414872,72,0.298
49,2000,Developing,43,1.14,16.5,5.4,277.6486591,69,0.291
66.4,2014,Developing,21,0.01,22.9,9.1,1262.893782,88,0.547
66.2,2013,Developing,22,0.7,22.1,9.1,1168.83947,76,0.54
65.9,2012,Developing,25,0.55,21.3,9.1,1171.58257,87,0.533
65.6,2011,Developing,27,0.33,2.5,9.1,1186.423937,9,0.526
65.4,2010,Developing,29,0.3,19.8,8.8,987.7365832,9,0.515
65.2,2009,Developing,211,0.28,19.1,8.5,741.777116,9,0.504
59.2,2008,Developing,296,0.3,18.3,8.2,643.951373,85,0.493
64.5,2007,Developing,217,0.26,17.6,8.1,41.451,84,0.484
64.2,2006,Developing,22,0.28,17,8,296.97284,82,0.474
63.9,2005,Developing,224,0.28,16.4,7.9,247.24276,86,0.465
63.5,2004,Developing,228,0.44,15.7,7.8,219.8156688,92,0.455
63.2,2003,Developing,231,0.4,15.2,7.7,219.782326,86,0.445
62.8,2002,Developing,235,0.41,14.6,7.6,143.77651,84,0.435
62.5,2001,Developing,239,0.38,14.1,7.6,138.9249275,77,0.427
62.1,2000,Developing,243,0.35,13.6,7.5,193.187484,88,0.417
65.9,2014,Developing,242,0.01,34.9,11.7,5421.343953,88,0.632
66.1,2013,Developing,232,0.01,34.1,11.6,5488.131712,89,0.625
65.8,2012,Developing,232,0.01,33.3,11.5,5749.44752,84,0.619
64.3,2011,Developing,268,7.84,32.5,11.5,56.971392,85,0.612
63,2010,Developing,299,7.58,31.8,11.4,5191.58381,83,0.604
62.4,2009,Developing,36,7.99,31,11.4,4153.497885,83,0.598
61.7,2008,Developing,317,6.28,3.2,11.3,429.6561,83,0.589
60,2007,Developing,356,5.12,29.4,11.3,422.51968,81,0.578
57,2006,Developing,431,4.94,28.7,11.4,3881.29535,74,0.57
55.1,2005,Developing,477,4.89,27.9,11.6,3573.146387,86,0.565
54.7,2004,Developing,483,4.8,27.2,11.7,3288.257373,81,0.559
55,2003,Developing,471,5.28,26.5,11.7,2482.36862,82,0.554
55.7,2002,Developing,452,5.09,25.8,11.8,1713.47594,78,0.556
56.5,2001,Developing,426,5.09,25.1,11.7,1834.29486,79,0.556
57.4,2000,Developing,41,5.73,24.5,11.5,257.99557,8,0.559
69.6,2014,Developing,158,0.01,18.5,12.4,76.2386977,92,0.551
69.3,2013,Developing,162,0.27,18,12.3,688.6172788,92,0.545
68.9,2012,Developing,167,0.26,17.4,12.3,681.7925868,9,0.538
68.4,2011,Developing,172,0.27,16.9,12,692.1166842,92,0.529
68,2010,Developing,178,0.24,16.4,11.1,592.1835216,83,0.515
67.5,2009,Developing,183,0.22,15.9,10.5,48.7299,93,0.502
67,2008,Developing,189,0.21,15.4,10.1,473.844449,82,0.492
66.6,2007,Developing,194,0.2,14.9,10,393.8843518,82,0.486
66,2006,Developing,21,0.2,14.4,9.6,348.6314534,91,0.476
65.4,2005,Developing,28,0.2,13.9,9.4,317.89198,78,0.469
64.7,2004,Developing,218,0.21,13.4,9.3,287.4156,8,0.463
64.3,2003,Developing,22,0.2,12.9,9.2,253.72412,76,0.457
63.1,2002,Developing,238,0.19,12.4,8.6,246.375621,72,0.447
63.2,2001,Developing,23,0.09,11.9,9,248.6183539,73,0.446
62.5,2000,Developing,238,0.08,11.4,8.9,231.42554,74,0.439
81.7,2014,Developed,58,0.01,61.6,18.1,52157.4687,96,0.923
81.4,2013,Developed,6,8.68,61,18.1,51574.48942,97,0.922
81.1,2012,Developed,62,9.05,6.5,18.1,49474.7561,97,0.921
81.1,2011,Developed,63,8.96,59.9,17.2,5354.6536,97,0.911
88,2010,Developed,64,9.33,59.3,17,5338.25483,97,0.906
86,2009,Developed,65,9.23,58.6,16.9,519.349,97,0.906
83,2008,Developed,68,9.62,57.9,16.8,56928.8248,97,0.905
82,2007,Developed,68,9.53,57.3,16.6,51241.31562,97,0.899
79.8,2006,Developed,71,9.79,56.5,16.5,44453.97119,96,0.893
79.4,2005,Developed,72,9.69,55.8,16.4,41577.169,96,0.888
79.2,2004,Developed,77,9.56,55,16.5,39954.64222,98,0.885
78.7,2003,Developed,8,9.56,54.2,16.5,35245.1647,98,0.881
78.4,2002,Developed,81,9.68,53.4,16.9,28817.32321,97,0.882
78.3,2001,Developed,82,9.95,52.6,16.7,26584.12169,97,0.878
78.1,2000,Developed,84,10.06,51.8,16.5,25921.12794,97,0.873
81.6,2015,Developed,66,8.7,67.5,19.2,3821.8937,92,0.913
81.5,2014,Developed,67,9.07,66.9,19.2,4453.24673,93,0.91
81.3,2013,Developed,69,9.18,66.4,19.3,42889.88141,92,0.908
81.1,2012,Developed,7,9.2,65.9,19.5,3997.25624,93,0.904
86,2011,Developed,72,9.47,65.3,19.7,38426.5581,95,0.901
89,2010,Developed,71,9.62,64.8,20.3,33691.34837,93,0.899
85,2009,Developed,73,9.24,64.3,19.3,282.94193,92,0.895
81,2008,Developed,75,9.49,63.8,19.5,31287.77865,89,0.894
81,2007,Developed,76,9.19,63.2,19.2,3259.73471,88,0.891
79.9,2006,Developed,76,9.34,62.6,19.1,2667.86452,89,0.888
79.9,2005,Developed,78,9.31,62.1,18.9,2775.89515,89,0.886
79.2,2004,Developed,79,9.15,61.5,18.4,2542.39935,87,0.884
79.1,2003,Developed,82,8.91,6.9,18.2,21913.7817,86,0.881
78.7,2002,Developed,83,9.13,6.3,17.5,16874.31232,84,0.873
78.5,2001,Developed,83,8.75,59.6,17.4,13882.85683,82,0.868
78.6,2000,Developed,87,8.91,58.9,17.2,13641.1272,82,0.864
74.5,2014,Developing,148,3.55,53.2,11.6,1975.46477,99,0.636
73.9,2013,Developing,157,3.58,52.4,11.5,1847.19849,99,0.63
73.9,2012,Developing,157,3.63,51.7,11.5,1792.3845,99,0.625
74.5,2011,Developing,147,3.39,5.9,11.5,1682.957924,99,0.62
73.2,2010,Developing,154,3.38,5.2,11.4,1526.497938,99,0.614
73.2,2009,Developing,163,3.36,49.4,11.3,1464.497754,99,0.613
72.5,2008,Developing,169,3.64,48.6,11.1,1518.85386,97,0.607
72.5,2007,Developing,173,3.83,47.9,11,1344.31871,93,0.601
73,2006,Developing,17,3.69,47.1,11,124.992617,88,0.597
71.2,2005,Developing,194,3.7,46.4,11,1175.116225,87,0.592
71,2004,Developing,194,3.81,45.7,11,191.55157,8,0.587
76,2003,Developing,198,3.77,44.9,11,115.565314,86,0.583
75,2002,Developing,197,3.5,44.2,10.7,11.147277,85,0.577
73,2001,Developing,193,3.51,43.5,10.4,143.6758,89,0.57
73,2000,Developing,192,3.61,42.8,10.1,116.2743,85,0.562
61.4,2014,Developing,223,0.01,18.9,5.3,43.646498,67,0.345
69,2013,Developing,227,0.01,18.5,5.3,416.14838,56,0.341
63,2012,Developing,232,0.01,18.1,5.1,391.515524,71,0.331
59.4,2011,Developing,241,0.15,17.7,4.8,375.5819866,4,0.323
58.2,2010,Developing,252,0.12,17.3,4.5,348.151511,75,0.312
57.1,2009,Developing,263,0.11,16.9,4.2,341.2894618,71,0.307
56,2008,Developing,272,0.12,16.5,4,354.8185998,68,0.298
55.2,2007,Developing,276,0.1,16.1,3.8,292.55962,57,0.293
54.5,2006,Developing,277,0.11,15.7,3.7,258.463873,52,0.286
53.7,2005,Developing,278,0.11,15.4,3.5,25.383731,46,0.278
52.9,2004,Developing,279,0.11,15,3.1,232.5661574,45,0.27
52.1,2003,Developing,28,0.1,14.6,3,215.8548,44,0.266
51.4,2002,Developing,282,0.1,14.3,2.9,177.828384,43,0.261
56,2001,Developing,283,0.11,13.9,2.9,165.257247,42,0.255
50,2000,Developing,284,0.1,13.6,2.8,158.455972,41,0.253
53.6,2014,Developing,362,0.01,24.7,10,3221.678128,49,0.521
53.2,2013,Developing,367,8.3,24.1,9.8,2996.96432,46,0.514
52.7,2012,Developing,374,8.54,23.5,9.7,2755.297787,42,0.507
52.3,2011,Developing,375,8.75,22.8,9.6,2527.9423,48,0.5
52,2010,Developing,374,8.9,22.2,9.5,2327.3267,54,0.492
51.6,2009,Developing,376,9.05,21.6,9.3,197.661422,66,0.487
59,2008,Developing,386,9.3,21,9.2,1383.893354,6,0.481
55,2007,Developing,388,9.55,2.4,9.1,1136.829645,54,0.477
49.8,2006,Developing,396,9.66,19.9,9,119.743286,46,0.466
49.2,2005,Developing,4,9.71,19.3,8.9,87.8938738,45,0.463
48.5,2004,Developing,47,9.76,18.8,8.5,648.815852,43,0.445
48.1,2003,Developing,41,9.75,18.3,8.1,512.65719,42,0
47.7,2002,Developing,49,9.61,17.8,7.7,459.4572117,4,0
47.4,2001,Developing,48,9.58,17.3,8,351.7996666,36,0
47.1,2000,Developing,45,9.23,16.9,7.6,379.1193264,31,0
81.8,2015,Developed,59,5.97,61.2,17.7,7455.24654,95,0.948
81.6,2014,Developed,61,6.06,6.8,17.7,975.49856,93,0.945
81.5,2013,Developed,62,6.21,6.3,17.5,1291.435,94,0.942
81.3,2012,Developed,61,6.21,59.8,17.6,11563.727,95,0.941
81.1,2011,Developed,67,6.53,59.4,17.6,1574.9861,94,0.939
81,2010,Developed,66,6.59,58.9,17.4,87646.75346,93,0.936
89,2009,Developed,67,6.68,58.5,17.4,817.77681,94,0.936
86,2008,Developed,67,6.75,58,17.6,9688.5961,94,0.936
85,2007,Developed,67,6.6,57.5,17.6,85128.65759,93,0.934
84,2006,Developed,7,6.47,57,17.5,74114.69715,94,0.931
81,2005,Developed,73,6.37,56.5,17.6,66775.3944,91,0.929
79.8,2004,Developed,77,6.22,55.9,17.5,5757.26916,92,0.924
79.4,2003,Developed,78,6.04,55.3,17.1,5111.65445,92,0.918
78.9,2002,Developed,81,5.89,54.6,17.1,4361.1538,93,0.916
78.8,2001,Developed,82,5.49,54,17.5,38549.58934,91,0.917
78.5,2000,Developed,85,5.67,53.3,17.1,38146.71539,91,0.911
76.4,2014,Developing,11,0.4,53.5,13.7,2458.45226,99,0.796
76.2,2013,Developing,12,0.46,52.8,13.7,21268.7564,99,0.796
76,2012,Developing,14,0.51,52.3,13.7,22134.916,99,0.797
75.8,2011,Developing,15,0.54,52,13.6,2986.36,99,0.797
75.6,2010,Developing,16,0.56,51.8,13.5,1928.74739,99,0.797
75.4,2009,Developing,18,0.56,51.5,12.4,16784.34616,96,0.782
75.2,2008,Developing,19,0.57,51.1,11.9,2275.3536,97,0.765
74.9,2007,Developing,113,0.57,5.6,11.5,1585.13226,97,0.753
74.7,2006,Developing,115,0.58,5.1,11.6,1448.55,98,0.748
74.3,2005,Developing,118,0.63,49.5,11.5,12376.97936,99,0.742
74,2004,Developing,122,0.61,48.9,11.5,1129.28886,99,0.734
73.6,2003,Developing,127,0.56,48.1,11.2,969.8126,99,0.725
73.3,2002,Developing,13,0.54,47.3,11,8629.11774,99,0.716
72.9,2001,Developing,134,0.55,46.5,10.7,8476.61511,99,0.705
72.6,2000,Developing,138,0.38,45.9,10.4,861.18596,99,0
66.2,2014,Developing,162,0.01,24.7,7.8,1316.98966,72,0.542
66,2013,Developing,163,0.04,23.9,7.7,1272.44161,72,0.538
65.7,2012,Developing,165,0.04,23.2,7.6,1261.28967,72,0.529
65.5,2011,Developing,167,0.04,22.5,7.5,1226.215314,75,0.525
65.1,2010,Developing,172,0.04,21.9,7.5,14.142268,82,0.521
64.8,2009,Developing,175,0.03,21.3,7.3,16.63999,7,0.514
64.6,2008,Developing,177,0.03,2.6,7.3,139.31288,7,0.513
64.4,2007,Developing,178,0.03,2.1,6.7,95.4327931,75,0.505
64.2,2006,Developing,179,0.03,19.5,6.5,873.772727,77,0.501
62.9,2005,Developing,2,0.04,18.9,6.1,711.4699463,78,0.487
63.7,2004,Developing,183,0.01,18.4,5.6,649.848233,65,0.474
63.5,2003,Developing,185,0.01,17.9,5.6,563.594342,69,0.465
63.2,2002,Developing,187,0.01,17.4,5.5,499.8633,71,0.457
63,2001,Developing,189,0.01,16.9,5.4,51.6568157,68,0.45
62.8,2000,Developing,19,0.02,16.4,5.3,533.8624114,65,0.445
77.6,2014,Developing,119,6.74,57.1,13,12593.7374,8,0.78
77.5,2013,Developing,118,6.89,56.3,12.9,11685.97983,81,0.773
77.2,2012,Developing,12,6.95,55.6,12.8,1589.82713,87,0.765
77.3,2011,Developing,121,6.9,54.9,12.9,927.723171,91,0.758
76.5,2010,Developing,122,6.94,54.2,12.8,7937.259931,95,0.756
76.8,2009,Developing,127,6.87,53.4,12.8,7429.628274,85,0.755
76.5,2008,Developing,127,6.74,52.7,12.8,6973.9284,86,0.75
76.4,2007,Developing,124,6.16,51.9,12.9,668.8667,84,0.743
76.2,2006,Developing,125,5.72,51.1,12.9,5348.518399,98,0.744
75.8,2005,Developing,122,5.53,5.3,12.9,4916.54886,88,0.74
75.8,2004,Developing,123,5.69,49.5,12.8,4591.892776,92,0.733
75.5,2003,Developing,126,5.52,48.6,12.8,4267.13578,95,0.728
75.7,2002,Developing,125,5.52,47.8,12.6,4126.14671,99,0.725
75.5,2001,Developing,124,5.43,46.9,12.4,446.372833,95,0.721
75.7,2000,Developing,121,5.58,45.9,12.1,46.29935,99,0.716
62.7,2014,Developing,278,0.01,47.9,10,2182.716565,64,0.511
62.4,2013,Developing,281,0.01,47.2,10,229.95364,8,0.506
62.2,2012,Developing,284,0.01,46.4,9.9,271.318741,81,0.501
62,2011,Developing,285,0.88,45.7,9.9,177.867119,69,0.494
61.8,2010,Developing,286,0.79,44.9,9.6,1366.879112,72,0.485
61.6,2009,Developing,288,0.82,44.2,9.2,1166.66337,79,0.477
61.4,2008,Developing,29,0.81,43.4,8.9,1178.72469,76,0.469
61.1,2007,Developing,295,0.71,42.7,8.6,956.668952,72,0.461
68,2006,Developing,299,0.64,41.9,8.2,854.346921,67,0.454
64,2005,Developing,37,0.84,41.1,7.9,77.5773486,61,0.446
59.9,2004,Developing,314,0.58,4.4,7.6,637.3616215,59,0.439
59.6,2003,Developing,321,0.59,39.6,7.2,588.3582595,62,0.433
59.3,2002,Developing,327,0.61,38.9,6.9,511.665773,54,0.428
59.1,2001,Developing,331,0.68,38.2,6.6,539.41528,52,0.422
58.9,2000,Developing,335,0.73,37.5,6.2,631.9468526,51,0.418
73.9,2014,Developing,147,0.01,49.4,12.3,4712.822736,83,0.688
73.8,2013,Developing,148,5.03,48.6,12.3,4479.95858,8,0.679
73.6,2012,Developing,148,5.36,47.9,12.3,3855.537735,83,0.679
73.4,2011,Developing,15,5.79,47.1,12.3,3988.11894,84,0.675
73.2,2010,Developing,152,5.65,46.4,12.4,3225.591754,85,0.664
73,2009,Developing,155,5.39,45.6,12.1,2599.596259,81,0.663
72.7,2008,Developing,157,6.14,44.9,11.9,359.992184,85,0.654
72.5,2007,Developing,159,5.61,44.2,12,2312.192926,95,0.649
72.3,2006,Developing,161,5.61,43.5,12.1,189.71539,98,0.648
72.1,2005,Developing,163,6.38,42.8,12.3,157.145691,96,0.646
71.9,2004,Developing,165,6.2,42,12.1,148.527976,92,0.639
71.7,2003,Developing,166,6.64,41.3,12.7,1174.779347,86,0.642
71.5,2002,Developing,168,5.66,4.6,12.2,1148.229882,87,0.632
71.2,2001,Developing,17,6.66,39.8,11.8,1417.26582,9,0.624
79,2000,Developing,172,6.78,39.1,11.6,1545.626423,86,0.625
75.3,2014,Developing,125,0.01,54.9,13.4,6491.5245,78,0.735
75.3,2013,Developing,125,5.38,54.2,13.4,6583.116248,71,0.731
74.9,2012,Developing,129,5.14,53.6,13.4,6387.785281,94,0.725
74.5,2011,Developing,133,4.83,52.9,13.4,5771.565878,91,0.721
73.7,2010,Developing,14,4.72,52.2,13.3,522.493191,92,0.708
73.8,2009,Developing,14,4.69,51.5,13.3,4166.93387,92,0.706
73.9,2008,Developing,138,4.85,5.8,13.2,428.87811,93,0.7
74,2007,Developing,133,4.29,5.2,13.2,3611.2147,93,0.696
74.2,2006,Developing,134,4.22,49.5,13,3171.49856,94,0.693
72.8,2005,Developing,148,4.44,48.8,13,2754.7829,66,0.692
72.2,2004,Developing,151,4.27,48.1,12.8,2448.143899,81,0.685
72.1,2003,Developing,152,4.5,47.4,13.3,218.25997,95,0.686
72.6,2002,Developing,144,4.03,46.7,13.9,259.192958,95,0.686
72.4,2001,Developing,142,4.22,46.1,13.4,1981.243653,9,0.677
71.4,2000,Developing,154,4.59,45.4,13.5,1996.719689,93,0.674
68.4,2014,Developing,214,4.52,24.8,11.7,2842.938353,77,0.676
68.1,2013,Developing,219,4.61,24.3,11.7,276.289146,84,0.671
68.1,2012,Developing,217,5.02,23.7,11.6,2581.818554,88,0.666
68,2011,Developing,218,4.96,23.1,11.5,2352.518156,87,0.669
67.9,2010,Developing,218,4.85,22.6,11.4,2129.499242,78,0.662
68,2009,Developing,219,4.42,22.1,11.7,1825.341521,86,0.661
67.5,2008,Developing,217,4.21,21.6,11.5,1919.466195,91,0.655
67.5,2007,Developing,216,4.19,21.1,11.4,1672.685433,87,0.648
67.3,2006,Developing,219,4.08,2.6,11.5,1391.772325,88,0.646
67,2005,Developing,223,4.22,2.1,11.6,1194.697155,9,0.642
67.3,2004,Developing,218,4.45,19.6,11.6,179.3715,85,0.636
67.2,2003,Developing,217,4.44,19.2,11.6,11.553196,85,0.631
66.8,2002,Developing,221,4.42,18.7,11.4,1.68135,77,0.625
66.8,2001,Developing,221,4.54,18.3,11.4,957.287441,76,0.622
66.8,2000,Developing,219,4.73,17.8,11.4,138.91977,74,0.618
77.3,2014,Developed,12,10.71,61.1,16.4,14341.675,94,0.85
77.1,2013,Developed,12,11.63,6.4,15.4,1378.54911,95,0.838
76.8,2012,Developed,125,10.81,59.7,15.3,13145.1484,95,0.834
76.7,2011,Developed,128,10.93,59.1,15.4,13893.18768,96,0.829
76.3,2010,Developed,13,10.59,58.4,15.1,12599.52486,96,0.822
75.7,2009,Developed,136,10.7,57.8,15.1,11527.59323,96,0.818
75.5,2008,Developed,14,11.4,57.2,15,141.44688,96,0.813
75.3,2007,Developed,144,10.9,56.6,15,1126.31852,99,0.808
75.2,2006,Developed,144,10.4,56,15,94.7726,99,0.803
75,2005,Developed,144,9.5,55.5,14.8,821.251569,99,0.797
74.9,2004,Developed,143,9.19,55,15.5,6681.178818,99,0.8
74.7,2003,Developed,142,9.06,54.5,15.3,5693.52416,98,0.796
74.5,2002,Developed,145,8.02,54,15,5196.932921,98,0.79
74.2,2001,Developed,149,7.74,53.6,14.7,4981.198619,98,0.784
73.7,2000,Developed,153,8.4,53.1,14.6,4492.72764,98,0.777
89,2014,Developed,78,9.88,6.9,16.8,2277.53613,98,0.837
86,2013,Developed,79,10,6.2,16.3,21618.73534,98,0.827
83,2012,Developed,81,11.96,59.5,16.3,2577.4264,98,0.824
82,2011,Developed,85,11.92,58.8,16.2,23196.18375,97,0.818
79.6,2010,Developed,88,12.25,58.1,16,22538.6548,97,0.812
79.3,2009,Developed,9,12.03,57.3,16,2363.97161,96,0.809
79,2008,Developed,92,12.35,56.5,15.8,24815.6884,97,0.804
78.7,2007,Developed,94,12.57,55.7,15.4,2278.5845,96,0.797
78.5,2006,Developed,96,13.11,54.9,15.4,19821.44463,97,0.793
77.7,2005,Developed,11,13.33,54.1,15.4,18784.9485,93,0.79
78,2004,Developed,99,13.45,53.3,15.9,1845.5881,95,0.792
77.3,2003,Developed,15,14.21,52.5,15.8,15772.7334,96,0.789
77.2,2002,Developed,17,12,51.7,15.9,12882.28897,96,0.788
76.9,2001,Developed,11,12.22,5.9,15.7,11729.14616,96,0.782
76.6,2000,Developed,11,11.89,5.1,15.5,1152.39681,96,0.777
78.1,2014,Developing,69,1.15,68.4,13.4,86852.7119,99,0.854
77.9,2013,Developing,7,1.2,67.7,13.4,8834.87958,99,0.843
77.8,2012,Developing,72,1.13,67,13.4,88564.82298,93,0.837
77.5,2011,Developing,74,1.16,66.5,12.4,85948.746,92,0.827
77.3,2010,Developing,76,1.16,66,12,736.22784,98,0.825
77,2009,Developing,79,1.11,65.6,11.8,61478.23813,98,0.828
76.8,2008,Developing,82,1.37,65.2,11.7,82967.37228,98,0.825
76.7,2007,Developing,83,1.24,65.1,12.6,675.61258,97,0.83
76.6,2006,Developing,83,1.28,65,13.7,6256.55926,95,0.835
76.6,2005,Developing,84,1.18,65.1,13.7,51488.49529,98,0.83
76.6,2004,Developing,84,1.11,65,13.5,41818.35256,95,0.826
76.5,2003,Developing,85,1,64.7,12.8,34176.98183,93,0.815
76.4,2002,Developing,85,0.87,64.1,12.2,2999.65492,96,0.807
76.3,2001,Developing,87,0.76,63.3,12.6,2843.63635,93,0.809
76.2,2000,Developing,88,0.5,62.4,13,29986.2915,91,0.808
74.8,2014,Developed,135,0.01,59.9,14.7,12.27733,94,0.797
74.6,2013,Developed,138,9.59,59.2,14.7,9585.266593,88,0.794
74.4,2012,Developed,138,9.58,58.4,15.3,8558.39766,92,0.797
74.3,2011,Developed,139,9.1,57.7,15.7,92.277825,89,0.798
73.4,2010,Developed,153,9,56.9,15.8,8297.483621,94,0.797
73.1,2009,Developed,158,10.4,56.3,15.4,822.18329,95,0.795
73.1,2008,Developed,159,11.9,55.6,14.7,1136.47356,95,0.78
72.9,2007,Developed,154,10.6,55,14.1,8214.185378,96,0.766
72.5,2006,Developed,157,8.51,54.4,13.7,5828.745662,97,0.755
71.9,2005,Developed,162,7.68,53.9,13.4,4676.315183,97,0.745
71.7,2004,Developed,165,9.82,53.4,12.9,3552.92452,97,0.733
71.1,2003,Developed,174,8.78,52.9,12.5,2774.95586,97,0.722
77,2002,Developed,178,9.62,52.4,12,2124.873613,98,0.714
78,2001,Developed,179,9.78,51.9,11.7,1839.72945,99,0.708
77,2000,Developed,175,10.16,51.4,11.5,1668.162731,99,0.703
73,2014,Developing,225,10.12,59.9,14.9,14125.961,97,0.803
70,2013,Developing,229,10.58,59.3,14.6,15543.67653,98,0.799
69.6,2012,Developing,237,10.99,58.7,14.3,15154.45687,98,0.792
69.4,2011,Developing,242,11.04,58.1,14,14212.687,97,0.785
68.4,2010,Developing,256,11.05,57.5,13.7,1674.98771,98,0.773
68.2,2009,Developing,261,11.21,57,14,8562.89598,98,0.776
67.5,2008,Developing,278,12.04,56.6,13.9,11635.2637,98,0.769
67.3,2007,Developing,282,12.19,56.1,13.8,911.25385,98,0.761
66.4,2006,Developing,3,11.79,55.7,13.8,692.194398,98,0.754
65,2005,Developing,327,11.57,55.3,13.7,5323.473877,98,0.748
64.9,2004,Developing,321,11.5,55,13.6,412.372294,98,0.741
64.6,2003,Developing,322,11.32,54.7,13.2,2975.132778,97,0.733
64.8,2002,Developing,313,10.87,54.5,12.8,2375.5944,97,0.727
65.1,2001,Developing,38,10.47,54.2,12.5,21.362386,97,0.72
65,2000,Developing,37,10.18,54,12.1,1771.58662,97,0.709
65.7,2014,Developing,23,0.01,2.8,10.8,76.5699517,98,0.488
65.2,2013,Developing,233,0.01,2.1,10.8,688.8768557,98,0.485
64.6,2012,Developing,239,0.01,19.5,10.5,678.796973,98,0.475
63.8,2011,Developing,247,8.34,18.9,10.2,617.317648,93,0.464
62.8,2010,Developing,26,7.92,18.3,10,563.491487,93,0.454
61,2009,Developing,288,7.11,17.7,10.2,539.1538211,93,0.447
68,2008,Developing,282,6.39,17.1,10.4,5.6687264,97,0.438
59.6,2007,Developing,295,6.78,16.5,10.1,44.853339,98,0.424
57.6,2006,Developing,328,6.88,15.9,9.3,342.3656294,99,0.404
55.3,2005,Developing,37,7.01,15.4,8.8,287.931877,95,0.388
53.4,2004,Developing,397,6.75,14.9,8.2,236.9114381,89,0.371
52,2003,Developing,48,6.66,14.5,7.6,212.6619491,96,0.359
57,2002,Developing,415,7.82,14.1,7.2,196.59778,85,0.343
48.6,2001,Developing,438,5.72,13.7,7.1,21.569654,76,0.332
48.3,2000,Developing,426,7.13,13.2,6.6,216.172747,9,0.318
73.8,2014,Developing,128,0.01,74.3,12.9,4178.973369,58,0.701
73.6,2013,Developing,131,0.01,73.8,12.9,4219.65123,62,0.7
73.2,2012,Developing,136,0.01,73.4,12.9,4234.554443,62,0.698
73,2011,Developing,139,2.15,72.9,12.9,3942.9827,6,0.693
72.6,2010,Developing,144,3.01,72.5,12.9,3453.487434,57,0.69
76,2009,Developing,172,2.88,72,12.9,335.112838,45,0.691
72.5,2008,Developing,146,3.97,71.4,12.9,359.82223,54,0.688
72.2,2007,Developing,149,3.85,7.9,12.9,322.543121,49,0.682
72,2006,Developing,153,3.52,7.3,12.7,287.963899,37,0.677
71.6,2005,Developing,16,3.63,69.7,12.6,2571.262348,55,0.671
71.4,2004,Developing,162,3.62,68.9,12.4,2351.33814,26,0.665
79,2003,Developing,169,4.17,68.2,12.3,197.29417,82,0.659
76,2002,Developing,174,3.3,67.4,12.1,1631.41727,85,0.653
75,2001,Developing,175,3.43,66.5,12,1555.47451,83,0.645
72,2000,Developing,18,3,65.6,12.1,154.68923,94,0.64
67.3,2014,Developing,191,0.01,3.1,11.1,1821.878734,95,0.562
67.1,2013,Developing,192,0.01,29.3,11,1619.532678,97,0.559
66.9,2012,Developing,194,0.01,28.5,10.8,138.949959,96,0.553
66.6,2011,Developing,198,5.69,27.7,10.6,134.326189,96,0.546
66.2,2010,Developing,24,5.58,26.9,10.6,1129.754961,98,0.542
65.8,2009,Developing,21,4.13,26.2,10.1,199.57146,99,0.533
65.4,2008,Developing,215,4.36,25.4,10.4,1126.46212,99,0.531
65.1,2007,Developing,217,4.14,24.7,10.3,894.927988,98,0.527
64.7,2006,Developing,22,5.46,24,10.2,843.89447,97,0.521
64.3,2005,Developing,222,5.27,23.4,10,81.86157,97,0.514
63.8,2004,Developing,224,5.78,22.8,9.8,693.345683,99,0.509
63.4,2003,Developing,225,6.54,22.2,9.7,649.342153,94,0.504
63.1,2002,Developing,226,5.8,21.7,9.6,555.8185378,92,0.501
62.8,2001,Developing,225,5.02,21.1,9.4,51.216381,9,0.497
74.4,2014,Developing,88,0.09,67.3,15.8,24575.434,98,0.841
74.3,2013,Developing,89,0.09,66.4,15.2,24934.38614,98,0.83
74.1,2012,Developing,9,0.09,65.6,14.5,2533.9462,98,0.818
73.9,2011,Developing,92,0.09,64.7,13.9,2377.74739,98,0.804
73.7,2010,Developing,94,0.09,63.9,13.3,19259.58726,98,0.792
73.4,2009,Developing,97,0.09,63.1,13,1694.2931,98,0.787
73.3,2008,Developing,98,0.09,62.4,12.8,237.83234,98,0.779
73.2,2007,Developing,99,0.1,61.6,12.7,16472.1665,96,0.773
73.2,2006,Developing,1,0.08,6.9,12.5,15334.66994,96,0.767
73.1,2005,Developing,11,0.05,6.2,12.4,13739.82945,96,0.761
73.1,2004,Developing,12,0.06,59.4,12.3,11138.8746,96,0.754
73,2003,Developing,13,0.05,58.5,12.2,9567.458285,95,0.747
72.9,2002,Developing,15,0.05,57.7,12.1,8655.311531,95,0.745
72.8,2001,Developing,17,0.05,56.9,12,8643.4944,97,0.742
72.6,2000,Developing,11,0.05,56.2,11.8,9126.954277,95,0.737
66.4,2014,Developing,192,0.26,23.8,9.1,152.443873,85,0.483
66,2013,Developing,196,0.26,23.2,8.7,148.912351,89,0.474
65.6,2012,Developing,2,0.28,22.7,8.3,136.4518,83,0.463
64.9,2011,Developing,26,0.32,22.2,7.9,18.25321,89,0.455
64.3,2010,Developing,212,0.28,21.7,7.7,11.631377,76,0.449
63.5,2009,Developing,219,0.3,21.2,7.5,12.566464,83,0.444
62.8,2008,Developing,225,0.28,2.8,7.1,11.33678,87,0.435
62.1,2007,Developing,23,0.32,2.3,6.8,95.3978522,93,0.425
61.3,2006,Developing,236,0.34,19.9,6.6,89.838296,89,0.422
65,2005,Developing,242,0.33,19.5,6.4,773.8698713,84,0.415
59.7,2004,Developing,247,0.35,19.1,6.2,733.581811,87,0.408
59,2003,Developing,251,0.33,18.7,5.9,642.7663113,73,0.401
58.4,2002,Developing,252,0.36,18.3,5.7,513.26227,6,0.397
57.9,2001,Developing,251,0.34,17.9,5.4,481.287397,49,0.381
57.5,2000,Developing,25,0.29,17.5,5.2,473.45338,49,0.378
75.4,2014,Developing,123,9.09,59.4,14.3,62.173221,93,0.771
75.3,2013,Developing,122,9.16,58.9,14.1,6353.826383,97,0.766
74.9,2012,Developing,126,9.38,58.3,14,5659.3824,93,0.767
74.6,2011,Developing,127,9.56,57.7,13.5,6423.291783,94,0.757
74.4,2010,Developing,128,9.65,57,13.6,5411.87744,91,0.755
74.1,2009,Developing,131,9.85,56.4,13.6,5821.35397,97,0.754
74,2008,Developing,132,9.54,55.8,13.5,671.773913,95,0.749
73.8,2007,Developing,132,9.3,55.1,13.5,5458.121718,93,0.743
73.6,2006,Developing,133,8.58,54.5,13.4,4129.758741,97,0.739
73,2005,Developing,135,9.6,53.9,13.2,3528.1318,98,0.73
73,2004,Developing,134,7.42,53.3,13.1,3331.228766,96,0.72
73,2003,Developing,134,7.25,52.8,13,2832.49652,89,0.715
72.9,2002,Developing,133,6.95,52.2,13.2,2149.9944,95,0.715
73.1,2001,Developing,135,7.53,51.7,13.1,1634.87561,93,0.709
72.6,2000,Developing,141,7.38,51.2,13,87.1365252,98,0.702
73,2014,Developing,17,0.01,36.2,13.2,1557.77892,99,0.766
72.9,2013,Developing,172,0.01,35.5,13.5,15687.34795,98,0.762
72.7,2012,Developing,174,0.01,34.8,13.5,12845.17363,98,0.755
72.6,2011,Developing,177,9.72,34.2,13.3,12189.9516,99,0.744
72.4,2010,Developing,18,6.51,33.5,13.2,184.68447,99,0.74
72.3,2009,Developing,182,4.94,32.4,13.2,976.9566,99,0.739
72.2,2008,Developing,184,6.33,31.8,13.2,11122.8627,99,0.739
72.2,2007,Developing,185,8.12,31.2,13.1,12154.82994,99,0.733
72.2,2006,Developing,185,8.12,3.7,13.1,1214.39987,99,0.728
72.2,2005,Developing,185,7.82,3.1,12.1,1192.5174,99,0.712
72.1,2004,Developing,186,7.91,29.2,12.3,1176.65871,99,0.715
72.1,2003,Developing,185,7.41,28.7,12.1,8524.961236,99,0.713
72.1,2002,Developing,186,11.15,28.1,12.1,8331.261997,99,0.712
72,2001,Developing,187,6.72,27.6,12.2,7663.1378,96,0.714
71.8,2000,Developing,188,8.24,27.1,12.3,7578.85153,98,0
48.1,2014,Developing,463,0.01,23.8,9.5,78.4394757,83,0.426
54,2013,Developing,47,0.01,23.3,9.3,71.8186998,92,0.413
49.7,2012,Developing,411,0.01,22.7,9.1,561.8984239,91,0.401
48.9,2011,Developing,418,3.78,22.2,8.9,445.525,88,0.392
48.1,2010,Developing,424,3.84,21.7,8.7,45.128418,84,0.384
47.1,2009,Developing,433,3.97,21.2,8.5,394.5932439,81,0.375
46.2,2008,Developing,441,3.91,2.7,8.3,46.3759178,75,0.367
45.3,2007,Developing,45,3.86,2.2,8.2,358.8274716,63,0.357
44.3,2006,Developing,464,3.8,19.7,8,322.313468,65,0.348
43.3,2005,Developing,48,3.83,19.2,7.8,287.6891942,67,0.341
42.3,2004,Developing,496,3.99,18.8,7.6,263.145817,69,0.332
41.5,2003,Developing,57,4.07,18.4,7.4,263.7618312,66,0.322
48,2002,Developing,513,4.06,17.9,7.2,249.939542,54,0.306
41,2001,Developing,519,4.21,17.5,7,227.779471,38,0.302
39,2000,Developing,533,3.97,17.2,6.7,139.3147734,46,0.292
83.1,2015,Developed,55,1.79,33.2,15.4,53629.73746,96,0.924
82.9,2014,Developed,56,1.83,32.9,15.4,56336.7234,96,0.922
82.7,2013,Developed,57,1.83,32.7,15.4,5629.18914,97,0.92
82.5,2012,Developed,59,1.89,32.4,15.4,54431.16199,97,0.917
82.2,2011,Developed,6,1.8,32.1,15.2,53166.67581,96,0.911
82,2010,Developed,61,1.84,31.8,14.5,46569.67951,96,0.889
81.7,2009,Developed,62,1.73,31.5,14.4,38577.55822,97,0.887
81.4,2008,Developed,64,1.7,31.2,14.2,39721.4818,97,0.88
81.1,2007,Developed,65,1.6,3.9,14.1,39223.58187,97,0.873
87,2006,Developed,66,1.55,3.5,13.9,33579.85948,95,0.839
82,2005,Developed,69,1.49,3.2,12.6,29869.85398,96,0.821
79.7,2004,Developed,71,1.45,29.9,12.7,2745.27136,95,0.82
79.3,2003,Developed,73,1.43,29.6,12.7,23573.6284,96,0.819
79,2002,Developed,74,2.16,29.2,12.6,2216.83279,94,0.818
78.7,2001,Developed,76,2.08,28.9,12.7,21577.7823,95,0.82
78.3,2000,Developed,78,2.03,28.5,12.5,23792.677,98,0.81
87,2014,Developed,76,10.46,59.5,17.6,242.67286,95,0.888
85,2013,Developed,78,9.53,58.9,16.8,2315.31799,95,0.878
82,2012,Developed,81,10.95,58.2,16.8,22486.47167,96,0.877
79.8,2011,Developed,84,10.61,57.6,17,24985.24827,96,0.876
79.5,2010,Developed,87,10.32,57,16.9,23437.4722,96,0.872
79.1,2009,Developed,9,10.52,56.4,16.9,24633.79785,96,0.873
78.9,2008,Developed,96,10.94,55.8,16.9,2751.8127,97,0.869
78.3,2007,Developed,12,11.02,55.2,16.8,23841.31792,97,0.865
78.1,2006,Developed,17,12.26,54.7,16.7,19726.1265,97,0.858
77.5,2005,Developed,14,11.14,54.1,16.3,18169.1891,95,0.853
77.2,2004,Developed,113,10,53.5,16.6,1726.9151,94,0.85
76.5,2003,Developed,119,11.58,52.9,16.1,1488.47154,95,0.843
76.6,2002,Developed,117,9.29,52.3,15.6,11814.9994,93,0.835
76.2,2001,Developed,124,10.8,51.8,14.7,1479.29634,93,0.824
76,2000,Developed,122,11.9,51.2,14.6,1227.73677,93,0.818
68.8,2014,Developing,183,0.01,49.7,9.6,29.652622,94,0.512
68.8,2013,Developing,182,0.01,48.9,9.5,188.5159,99,0.509
68.7,2012,Developing,184,0.01,48.1,9.4,1858.689868,99,0.505
68.5,2011,Developing,186,0.99,47.2,9.4,1642.837974,99,0.497
68.3,2010,Developing,188,1.1,46.4,9.3,1272.44825,94,0.492
68.1,2009,Developing,192,1.21,45.5,9.3,1158.282672,98,0.494
68,2008,Developing,193,1.09,44.7,9.2,125.79167,94,0.489
67.6,2007,Developing,2,0.85,43.8,9,146.931125,93,0.482
67.6,2006,Developing,2,0.99,43,8.4,948.6592511,99,0.47
67.4,2005,Developing,24,0.9,42.1,8.3,88.874858,9,0.465
67.1,2004,Developing,29,1.18,41.3,8.1,818.442619,89,0.459
66.8,2003,Developing,215,1.18,4.4,8,744.7657423,84,0.453
66.5,2002,Developing,22,1.08,39.6,7.3,784.9562874,78,0.446
66.2,2001,Developing,227,0.7,38.7,6.6,944.81684,88,0.442
65.8,2000,Developing,235,0.71,37.9,7.2,154.518572,88,0.455
62,2014,Developing,347,7.38,5.3,13,6479.625659,77,0.66
69,2013,Developing,371,7.34,49.5,12.8,6876.953821,73,0.652
59.2,2012,Developing,48,7.38,48.7,12.8,7548.163698,65,0.644
58.9,2011,Developing,413,7.38,47.9,12.8,849.954224,69,0.638
58,2010,Developing,428,7.28,47.2,12.8,7362.76139,72,0.63
56.5,2009,Developing,449,7.6,46.4,12.8,5888.6284,75,0.622
55.3,2008,Developing,473,8.19,45.7,12.9,5786.59972,77,0.616
54.5,2007,Developing,486,8.48,45,12.9,6125.39984,79,0.612
54,2006,Developing,496,8.5,44.3,12.9,5631.73485,79,0.609
53.8,2005,Developing,498,8.69,43.6,12.9,5414.634326,75,0.609
53.7,2004,Developing,497,6.96,42.9,12.9,4863.51688,73,0.611
54,2003,Developing,485,6.93,42.2,12.9,3775.68275,7,0.613
54.9,2002,Developing,459,7.04,41.6,12.9,2518.398261,7,0.62
56,2001,Developing,429,7.38,4.9,13,2681.781,71,0.629
57.3,2000,Developing,397,7.3,4.1,13,337.2253,71,0.635
82.6,2014,Developed,58,0.01,66,17.6,296.47225,97,0.877
82.4,2013,Developed,6,9.25,65.4,17.5,2921.9342,96,0.874
82,2012,Developed,61,9.35,64.8,17.2,28562.29324,97,0.871
82.1,2011,Developed,63,9.62,64.1,16.9,31834.21816,97,0.867
81.9,2010,Developed,64,9.78,63.5,16.4,3736.228,97,0.86
81.6,2009,Developed,66,9.99,62.9,16.3,32333.4661,96,0.858
81.3,2008,Developed,7,10.24,62.3,16.1,35578.73619,97,0.854
89,2007,Developed,72,11.05,61.7,16,3279.414,96,0.849
88,2006,Developed,73,11.86,61.1,15.9,28482.6948,98,0.844
81,2005,Developed,77,11.92,6.5,15.8,2651.71745,96,0.837
81,2004,Developed,79,11.96,59.9,15.6,24918.64584,97,0.833
79.4,2003,Developed,83,12.09,59.3,15.6,21495.7741,99,0.83
79.5,2002,Developed,83,12.26,58.8,15.7,1719.53541,98,0.828
79.4,2001,Developed,84,9.86,58.2,15.7,15323.6114,95,0.825
79.1,2000,Developed,86,11.12,57.6,15.7,14676.769,95,0.82
74.7,2014,Developing,141,2.37,22.7,14,382.54994,99,0.76
74.6,2013,Developing,142,2.56,21.9,13.8,361.289374,99,0.757
74.5,2012,Developing,143,2.8,21.2,13.7,335.521375,99,0.752
74.5,2011,Developing,141,3.03,2.5,13.6,322.992615,99,0.746
74.5,2010,Developing,138,2.31,19.8,13.5,2819.511161,99,0.739
71.8,2009,Developing,183,2.05,19.2,13.4,216.681584,97,0.735
72.3,2008,Developing,172,2.1,18.5,13.3,254.489192,98,0.731
73.7,2007,Developing,146,2.29,17.9,13.2,1644.816372,98,0.725
73.8,2006,Developing,145,1.96,17.2,13.1,1448.7611,98,0.718
74.2,2005,Developing,138,1.97,16.6,12.9,1259.87591,99,0.712
69.1,2004,Developing,197,1.56,16.1,12.8,174.6692,97,0.705
73.9,2003,Developing,146,1.69,15.6,12.7,989.4547732,98,0.697
73.7,2002,Developing,149,1.62,15.1,12.6,873.1472436,98,0.699
72.7,2001,Developing,16,1.68,14.6,12.5,837.699787,98,0.686
71.5,2000,Developing,175,1.45,14.1,12.4,875.412178,99,0.677
71.4,2014,Developing,178,6.32,57.7,12.7,9564.46383,85,0.722
71.2,2013,Developing,179,6.02,57,12.7,9484.56898,86,0.719
71.3,2012,Developing,178,5.73,56.3,12.7,9272.413453,84,0.708
76,2011,Developing,187,5.64,55.5,12.5,8318.97692,86,0.704
73,2010,Developing,19,5.26,54.8,12.3,833.31332,96,0.7
70,2009,Developing,196,5.13,54.1,12.1,7443.85178,85,0.696
69.8,2008,Developing,196,4.94,53.3,11.9,6858.163158,85,0.691
69.5,2007,Developing,22,4.72,52.6,11.7,5761.39536,84,0.684
69.3,2006,Developing,199,4.52,51.8,11.5,527.92,84,0.678
68.9,2005,Developing,25,4.47,51.1,11.3,3595.8855,84,0.672
68.3,2004,Developing,214,4.55,5.4,11.1,36.48773,84,0
68,2003,Developing,223,4.53,49.7,10.9,263.1399,74,0
67.9,2002,Developing,221,4.41,49,11,2232.513244,74,0
67.7,2001,Developing,219,4.23,48.3,11,1598.77512,65,0
67.4,2000,Developing,224,4.29,47.6,11.1,1888.61829,7,0
58.4,2014,Developing,382,0.01,31.8,11.4,3464.35169,98,0.541
57.6,2013,Developing,393,0.01,31.2,11.4,3598.75972,98,0.539
56.5,2012,Developing,412,0.01,3.7,11.3,3851.51547,92,0.534
55,2011,Developing,438,5.2,3.2,11.2,3934.27325,85,0.526
53.6,2010,Developing,459,4.93,29.7,11,369.239336,89,0.523
52.6,2009,Developing,46,4.9,29.3,10.8,332.517125,89,0.519
51.4,2008,Developing,477,4.87,28.9,10.6,2842.438422,89,0.514
50,2007,Developing,51,5.55,28.5,10.5,347.48798,88,0.508
47.8,2006,Developing,564,5.53,28.2,9.9,2937.36723,88,0.502
46,2005,Developing,63,5.08,27.8,9.7,2873.862141,88,0.495
45.6,2004,Developing,69,5.78,27.4,9.4,2529.633557,88,0.492
45.9,2003,Developing,6,5.65,27.1,9.1,22.99449,87,0.493
46.4,2002,Developing,587,5.52,26.7,9.2,1324.996228,87,0.502
47.1,2001,Developing,568,6.72,26.3,9.3,1437.634951,87,0.506
48.4,2000,Developing,536,7.19,25.9,9.4,1637.4567,87,0.516
82.3,2014,Developed,54,7.3,59,15.8,5918.19898,98,0.906
81.9,2013,Developed,57,7.3,58.5,15.8,6283.24522,98,0.904
81.7,2012,Developed,57,7.4,58.1,15.8,57134.777,98,0.903
81.7,2011,Developed,58,7.4,57.7,16,59593.28711,98,0.901
81.5,2010,Developed,58,7.2,57.3,15.8,5276.25591,98,0.895
81.4,2009,Developed,62,7.3,56.9,15.8,4627.592,98,0.898
81.1,2008,Developed,62,6.9,56.5,15.7,55746.84238,98,0.897
89,2007,Developed,63,6.9,56.1,15.8,53324.37937,98,0.895
88,2006,Developed,64,6.5,55.7,15.9,46256.4716,98,0.892
85,2005,Developed,66,6.5,55.3,16,4385.35315,98,0.89
83,2004,Developed,7,6.6,54.9,16,42442.2245,99,0.888
82,2003,Developed,69,6.9,54.4,15.9,36961.42537,99,0.882
79.9,2002,Developed,71,6.9,53.9,15.9,29571.7446,99,0.88
79.8,2001,Developed,73,6.6,53.4,15.9,26969.24457,99,0.877
79.6,2000,Developed,73,6.2,52.8,15.9,29283.55,99,0.873
83.2,2014,Developed,51,9.61,57,15.9,85814.58857,96,0.936
83,2013,Developed,52,9.73,56.6,15.8,84658.88768,96,0.934
82.7,2012,Developed,54,9.86,56.2,15.7,83164.38795,96,0.932
82.6,2011,Developed,55,9.99,55.8,15.6,87998.44468,96,0.932
82.3,2010,Developed,57,10.01,55.4,15.4,74276.71842,96,0.92
82.1,2009,Developed,6,10.15,55,15.3,69672.471,96,0.916
82,2008,Developed,6,10.29,54.6,15.3,72119.5687,96,0.914
81.7,2007,Developed,63,10.44,54.1,15.3,63223.46778,94,0.911
81.5,2006,Developed,65,10.24,53.7,15.2,57348.92788,94,0.904
81.1,2005,Developed,66,10.15,53.2,15.2,54797.54663,94,0.899
81,2004,Developed,69,10.55,52.8,15.1,53255.97631,95,0.895
85,2003,Developed,72,10.82,52.3,15,4796.56497,95,0.889
84,2002,Developed,74,10.85,51.8,15.2,41336.72192,95,0.89
82,2001,Developed,75,11.12,51.3,15.2,38538.64447,95,0.888
79.7,2000,Developed,78,11.26,5.8,15.1,37813.23426,95,0.879
73.8,2007,Developing,121,0.83,49.4,11.5,258.3529,83,0.644
73.7,2006,Developing,123,0.97,48.5,11.4,1762.24617,83,0.636
73.5,2005,Developing,127,0.92,47.6,11,1577.457182,83,0.624
73.2,2004,Developing,131,0.93,46.8,10.6,148.852738,84,0.61
73,2003,Developing,134,1.29,46,10.3,1253.39143,85,0.599
72.8,2002,Developing,135,1.25,45.3,10.2,1263.13455,86,0.596
72.7,2001,Developing,135,1.29,44.6,10.1,1258.421953,83,0.589
72.6,2000,Developing,136,1.41,43.9,10,1177.629268,86,0.588
69.6,2014,Developing,162,0.01,39.9,11.3,114.45919,94,0.622
69.3,2013,Developing,163,0.01,39,11.2,14.214412,97,0.617
68.8,2012,Developing,164,0.01,38.2,11.1,954.725253,96,0.613
68.1,2011,Developing,166,0.32,37.4,11.1,834.5412953,97,0.608
67.3,2010,Developing,171,0.32,36.6,11.1,738.3475227,95,0.603
66.7,2009,Developing,174,0.3,35.9,11.1,666.3458569,93,0.601
66.4,2008,Developing,178,0.32,35.3,10.8,76.914128,87,0.592
66.1,2007,Developing,181,0.35,34.7,10.9,52.35956,85,0.586
65.9,2006,Developing,183,0.38,34.1,10.7,44.2872665,76,0.579
65.5,2005,Developing,194,0.37,33.5,10.6,337.359236,79,0.572
65.9,2004,Developing,177,0.38,33,10.5,39.281834,82,0.563
65.2,2003,Developing,182,0.36,32.5,10.1,236.314438,82,0.553
64.3,2002,Developing,193,0.6,32.1,9.8,189.3878519,84,0.543
64,2001,Developing,194,0.86,31.6,9.7,17.8159721,84,0.535
63.7,2000,Developing,198,0.37,31.3,9.6,138.436633,86,0.529
74.6,2014,Developing,152,6.41,32.4,13.6,5941.8471,99,0.737
74.5,2013,Developing,153,6.5,31.3,13.6,6171.262444,99,0.733
74.3,2012,Developing,154,6.56,3.1,13.7,5859.915622,99,0.729
74.1,2011,Developing,155,6.07,29,13.3,5491.159981,99,0.72
73.9,2010,Developing,158,5.95,27.9,13.1,575.32176,99,0.711
73.7,2009,Developing,16,5.88,26.8,13,4212.5492,99,0.706
73.5,2008,Developing,162,5.92,25.7,12.9,4378.68746,99,0.7
73.3,2007,Developing,165,6.2,24.6,12.3,3972.26475,98,0.687
73,2006,Developing,168,6.18,23.6,12.4,3368.952576,98,0.686
72.5,2005,Developing,177,6.26,22.6,12,2893.651356,98,0.682
71.6,2004,Developing,189,6.17,21.7,11.9,2659.83918,98,0.674
71.7,2003,Developing,189,6.14,2.9,11.8,2358.93629,98,0.666
71.4,2002,Developing,192,5.93,2.2,11.5,296.54617,97,0.657
71.2,2001,Developing,194,5.92,19.4,11.2,1893.145377,97,0.649
71.1,2000,Developing,194,5.88,18.7,10.9,27.564826,97,0.64
68,2014,Developing,155,0.01,17,12.5,1153.51578,76,0.612
67.7,2013,Developing,158,0.01,16.6,12.5,117.765674,82,0.62
67.4,2012,Developing,159,0.01,16.2,12.5,1117.77724,83,0.618
67.2,2011,Developing,161,0.5,15.8,12.5,114.56179,66,0.607
66.9,2010,Developing,163,0.1,15.5,12.4,849.8626972,72,0.599
66.6,2009,Developing,165,0.09,15.1,12.1,757.3114436,78,0.599
66.2,2008,Developing,168,0.06,14.7,11.7,643.71911,79,0.566
65.8,2007,Developing,173,0.05,14.2,11.3,524.8959363,7,0.541
64.9,2006,Developing,186,0.04,13.9,11,441.53226,62,0.511
63.7,2005,Developing,26,0.36,13.5,10.6,478.331859,55,0.492
62.3,2004,Developing,229,0.38,13.2,10.2,467.5438297,57,0.484
61,2003,Developing,25,0.44,12.9,9.8,471.4565823,55,0.485
62,2002,Developing,261,0.48,12.6,9.8,48.61552,38,0.475
59.7,2014,Developing,285,0.01,23.7,12,62.1318489,85,0.475
59.4,2013,Developing,287,0.01,23.1,12,579.43485,84,0.47
58.9,2012,Developing,294,0.01,22.6,12,563.6894247,84,0.464
58.3,2011,Developing,34,1.44,22,11.5,562.3393592,85,0.457
57.4,2010,Developing,323,1.21,21.4,11,487.9238913,83,0.449
56.7,2009,Developing,336,1.24,2.9,10.6,499.6468713,78,0.442
56.2,2008,Developing,344,1.33,2.4,10.1,513.391914,8,0.441
55.9,2007,Developing,344,1.37,19.8,10.6,42.764743,72,0.443
55.7,2006,Developing,345,1.37,19.3,10.2,377.33629,85,0.436
55,2005,Developing,357,1.14,18.9,10.1,372.1721837,8,0.435
54.9,2004,Developing,355,1.01,18.4,10,349.9937253,71,0.432
54.7,2003,Developing,355,1.02,17.9,9.9,31.437144,72,0.428
54.7,2002,Developing,351,1,17.5,9.7,28.832123,58,0.428
54.6,2001,Developing,345,0.95,17.1,9.4,26.6394652,51,0.426
54.6,2000,Developing,339,1.1,16.6,9.3,26.3932935,63,0.425
73.3,2014,Developing,135,0.01,74.8,14.3,4192.349758,82,0.716
73.2,2013,Developing,137,0.01,74.3,14.3,4266.557174,84,0.718
73,2012,Developing,138,0.01,73.8,14.4,451.542462,79,0.717
72.9,2011,Developing,14,0.96,73.3,14.4,445.18866,84,0.712
72.8,2010,Developing,142,1.24,72.7,14.4,3547.59975,84,0.707
72.5,2009,Developing,147,1.08,72.1,14.5,37.846563,86,0.703
72.6,2008,Developing,145,1.1,71.5,14.5,3392.64743,88,0.698
72.5,2007,Developing,146,2.05,7.8,14.5,2932.315883,88,0.698
72.4,2006,Developing,148,1.79,7.1,14.6,2892.522663,89,0.695
72.3,2005,Developing,15,1.57,69.4,14.6,2594.74999,9,0.694
72.2,2004,Developing,151,1.8,68.6,14.6,2284.37858,91,0.693
72,2003,Developing,153,1.79,67.8,13.7,229.714718,91,0.683
71.9,2002,Developing,155,1.51,67,13.5,1842.44421,85,0.679
71.8,2001,Developing,157,1.35,66.2,13.2,1837.977391,91,0.674
71.6,2000,Developing,158,1.24,65.5,13.7,263.27236,91,0.676
71.1,2014,Developing,171,6.94,46,12.7,19325.24283,94,0.778
71,2013,Developing,172,6.71,45,12.7,1967.83283,94,0.773
78,2012,Developing,174,6.7,44,12.6,19152.531,91,0.772
76,2011,Developing,176,6.5,43,12.6,1953.9767,91,0.774
74,2010,Developing,179,6.5,42,12.5,16683.94578,91,0.772
71,2009,Developing,183,6.37,41.1,12.5,1458.8796,9,0.773
69.9,2008,Developing,185,6.41,4.2,12.4,21188.11857,91,0.767
69.7,2007,Developing,187,6.37,39.3,12.4,1653.1844,9,0.76
69.6,2006,Developing,188,6.35,38.4,12.3,1495.96337,89,0.751
69.5,2005,Developing,189,6.12,37.6,12.3,12323.1275,95,0.745
69.4,2004,Developing,19,5.82,36.8,12.2,129.51914,94,0.736
69.3,2003,Developing,191,5.53,36,12,884.518666,91,0.729
69.2,2002,Developing,192,5.12,35.2,11.9,749.626612,96,0.721
69.1,2001,Developing,194,4.55,34.4,11.8,6935.721451,91,0.715
69.1,2000,Developing,197,4.68,33.6,11.7,643.947262,9,0.709
75.1,2014,Developing,12,1.39,6.2,14.7,4271.68172,98,0.722
74.9,2013,Developing,13,1.29,59.3,14.7,4199.47253,98,0.72
74.9,2012,Developing,13,1.3,58.3,14.6,4137.55421,97,0.717
74.8,2011,Developing,13,1.29,57.4,14.5,4256.91279,98,0.714
74.8,2010,Developing,12,1.28,56.5,14.4,414.15177,98,0.71
74.7,2009,Developing,12,1.4,55.6,14.4,4129.977335,99,0.706
74.7,2008,Developing,12,1.37,54.7,14.3,431.9326,99,0.701
74.6,2007,Developing,12,1.24,53.9,14.3,3778.184171,98,0.695
74.4,2006,Developing,12,1.46,53.1,14.2,3371.71231,99,0.689
74.2,2005,Developing,14,1.37,52.2,13.9,3194.562243,98,0.683
74,2004,Developing,15,1.36,51.4,13.6,3112.83529,97,0.673
73.7,2003,Developing,17,1.34,5.6,13.5,2761.969249,95,0.667
73.5,2002,Developing,19,1.17,49.7,13.3,2346.5937,96,0.662
73.2,2001,Developing,11,1.19,48.9,13.1,2254.933126,98,0.654
72.9,2000,Developing,112,1.21,48.1,12.8,2213.91488,97,0.646
75.5,2014,Developing,17,1.45,65.3,14.5,12127.22522,96,0.759
75.2,2013,Developing,19,1.41,64.5,14.4,12542.93565,98,0.754
74.8,2012,Developing,112,1.54,63.7,14.3,1172.3843,97,0.75
74.5,2011,Developing,114,1.53,62.8,13.8,11341.13395,97,0.737
74.2,2010,Developing,116,1.49,61.9,13,1672.5693,97,0.715
73.9,2009,Developing,118,1.4,61.1,12.5,936.499911,96,0.709
73.5,2008,Developing,121,1.39,6.2,12.5,185.68975,96,0.705
73.2,2007,Developing,124,1.26,59.3,12.3,979.49246,96,0.697
72.8,2006,Developing,126,1.29,58.5,11.9,834.869161,9,0.687
72.4,2005,Developing,129,1.29,57.6,11.9,7384.354661,9,0.681
72,2004,Developing,132,1.35,56.8,12,64.72953,85,0.675
71.6,2003,Developing,135,1.42,55.9,11.9,4718.51291,69,0.668
71.2,2002,Developing,138,1.47,55.1,11.5,366.57,78,0.658
78,2001,Developing,14,1.49,54.3,11.1,3119.63716,88,0.653
74,2000,Developing,143,1.54,53.5,10.7,4316.553895,85,0.641
66,2014,Developing,217,2.9,47.7,10.8,7962.365824,98,0.683
65.4,2013,Developing,228,2.93,46.7,10.7,734.42525,98,0.678
65.6,2012,Developing,22,2.75,45.9,10.7,6675.262954,98,0.672
65.6,2011,Developing,217,2.55,45,10.6,5649.978486,97,0.665
65.8,2010,Developing,211,2.48,44.2,10.6,4439.23,96,0
65.6,2009,Developing,215,2.35,43.4,10.5,436.459223,97,0
64.5,2008,Developing,235,2.4,42.7,10.5,394.467675,96,0
64.1,2007,Developing,241,2.58,42,10.4,26.371428,98,0
63.7,2006,Developing,245,2.71,41.3,10.4,2136.66815,98,0
63.3,2005,Developing,248,2.85,4.7,10.3,174.51475,99,0
63.5,2004,Developing,238,2.86,4,10.3,1453.917166,98,0
63.4,2003,Developing,231,2.88,39.4,10.3,1283.885977,66,0
63.3,2002,Developing,229,2.33,38.7,10.2,967.917468,99,0
64,2001,Developing,221,2.35,38.1,10.2,774.4763388,94,0
63.8,2000,Developing,224,2.9,37.5,0,643.17518,98,0
61.5,2014,Developing,38,0.01,18.1,10,719.172669,82,0.483
67,2013,Developing,325,0.01,17.6,10,662.492293,82,0.478
60,2012,Developing,339,0.01,17.2,10,647.74741,82,0.477
59.3,2011,Developing,347,10.22,16.7,10.7,584.3962137,82,0.477
58.4,2010,Developing,362,10.03,16.3,10.9,594.9972557,79,0.473
57.5,2009,Developing,378,9.63,15.9,10.8,647.17732,78,0.464
56.3,2008,Developing,41,9.79,15.6,10.6,449.6928183,69,0.453
55.5,2007,Developing,41,9.65,15.2,10.3,41.858631,7,0.442
54.9,2006,Developing,41,9.81,14.8,10.6,336.4593923,62,0.434
53.2,2005,Developing,446,10.09,14.5,10.9,315.788227,59,0.429
51.3,2004,Developing,485,9.89,14.2,11.6,288.236949,58,0.427
51,2003,Developing,53,10.16,13.9,11.5,237.9995917,57,0.418
48.8,2002,Developing,523,10.42,13.6,11,24.2423229,57,0.404
47.7,2001,Developing,539,10.57,13.3,10.8,234.984775,56,0.396
46.6,2000,Developing,554,10.47,13,9.8,257.63369,55,0.382
78,2014,Developing,23,8.06,6.7,15.2,314.658296,45,0.746
71,2013,Developing,198,8.44,6.1,15.2,429.71554,72,0.744
77,2012,Developing,25,8.44,59.6,15.1,3855.42128,72,0.739
75,2011,Developing,24,8.48,59,14.9,3569.75727,54,0.734
69.8,2010,Developing,212,8.39,58.5,14.9,2965.142365,57,0.728
69.2,2009,Developing,231,8.71,58,14.9,2545.48341,74,0.734
67.7,2008,Developing,273,9.46,57.6,14.9,3891.37823,91,0.73
67.5,2007,Developing,277,8.86,57.2,14.8,368.68998,98,0.723
67.7,2006,Developing,267,7.99,56.8,14.7,233.18831,99,0.716
67,2005,Developing,278,7.31,56.4,14.5,1828.717626,95,0.707
67.4,2004,Developing,267,6.79,56.1,14.6,1367.352433,99,0.7
67.6,2003,Developing,256,5.92,55.7,14.3,148.522488,99,0.691
67.6,2002,Developing,256,4.89,55.4,13.9,879.475486,99,0.683
67.7,2001,Developing,253,4.31,55.1,13.2,78.738243,99,0.673
67.5,2000,Developing,257,4.49,54.8,13.3,635.789635,99,0.669
76.9,2014,Developing,77,1.91,62.4,13.3,44449.7435,99,0.832
76.7,2013,Developing,78,1.82,6.5,13.3,4335.64268,98,0.829
76.5,2012,Developing,8,1.75,58.6,13.3,42112.23565,96,0.826
76.3,2011,Developing,81,1.73,57.1,13.3,4462.3129,95,0.824
76.2,2010,Developing,82,1.69,55.8,13.3,3549.14832,94,0.826
76,2009,Developing,84,1.73,55.1,13.2,3372.57517,94,0.831
75.8,2008,Developing,85,1.86,54.8,13.1,45758.9554,94,0.829
75.6,2007,Developing,87,1.69,55.1,12.9,42672.61323,94,0.826
75.4,2006,Developing,89,1.74,55.8,12.8,42372.22166,94,0.823
75.3,2005,Developing,92,1.79,56.6,12.6,39439.8197,94,0.818
75.1,2004,Developing,95,1.77,57,12.4,36161.1761,94,0.813
74.9,2003,Developing,98,1.74,56.8,12.3,3323.52318,94,0.808
74.7,2002,Developing,11,1.72,56,12.1,31311.35936,94,0.803
74.5,2001,Developing,14,1.67,55,12,3161.52935,94,0.798
74.2,2000,Developing,17,1.64,54.1,11.8,3371.26869,94,0.791
76.8,2014,Developing,117,6.03,63.4,15.5,16737.89827,95,0.791
76.8,2013,Developing,117,5.82,62.9,15.5,16881.2568,94,0.788
76.5,2012,Developing,118,5.77,62.3,15.5,1592.6819,95,0.784
77,2011,Developing,111,5.97,61.8,15.5,14166.4998,95,0.78
76.3,2010,Developing,118,6.21,61.2,15.6,11938.212,95,0.777
76.6,2009,Developing,118,6.67,6.7,15.5,9415.17386,95,0.774
76.4,2008,Developing,119,6.76,6.1,15.7,962.312164,94,0.77
75.4,2007,Developing,124,6.67,59.5,15.3,79.69746,94,0.76
76.2,2006,Developing,117,6.58,58.9,15.2,5877.87678,95,0.756
75.7,2005,Developing,123,6.35,58.3,15.5,522.951116,96,0.753
75.4,2004,Developing,122,5.66,57.7,15.5,4117.38853,95,0.75
75.4,2003,Developing,121,5.11,57,15,3622.52284,91,0.747
75.4,2002,Developing,124,5.86,56.3,14.7,488.768855,93,0.746
75.2,2001,Developing,123,6.48,55.7,14.2,6281.37747,94,0.742
75.1,2000,Developing,131,6.65,55,14,6871.897677,92,0.738
69.2,2014,Developing,184,0.01,43.9,12.1,25.448414,99,0.69
69.1,2013,Developing,185,0.01,43,12,197.551233,99,0.681
68.8,2012,Developing,184,0.01,42.2,12,174.468298,99,0.673
68.5,2011,Developing,183,2.83,41.4,12,1564.966945,99,0.664
68.3,2010,Developing,183,2.73,4.7,11.9,1377.8214,99,0.657
68,2009,Developing,183,2.56,4,11.8,1213.265328,99,0.651
67.9,2008,Developing,184,2.36,39.3,11.9,182.28625,98,0.644
67.8,2007,Developing,184,2.15,38.7,11.8,83.476942,98,0.631
67.6,2006,Developing,185,1.96,38.1,11.8,654.2838373,94,0.626
67.3,2005,Developing,192,1.78,37.5,11.7,546.776852,99,0.62
67.8,2004,Developing,183,1.59,37,11.6,465.1198869,99,0.613
67.2,2003,Developing,183,1.54,36.4,11.3,396.129969,99,0.607
67.1,2002,Developing,186,1.47,35.9,11,383.3494997,99,0.6
67.4,2001,Developing,185,1.53,35.3,10.7,456.734892,99,0.594
67.1,2000,Developing,189,1.6,34.8,10.6,558.221144,99,0
71.7,2014,Developing,134,0.01,52.5,10.8,3148.36513,65,0.596
71.6,2013,Developing,135,0.01,51.7,10.8,3167.34356,65,0.591
71.4,2012,Developing,138,0.01,5.8,10.8,3158.58688,65,0.592
71.2,2011,Developing,141,0.85,49.9,10.8,3275.91684,65,0.591
71,2010,Developing,145,0.91,49.1,10.8,2965.82434,66,0.59
78,2009,Developing,149,0.83,48.2,10.7,2643.441423,66,0.589
75,2008,Developing,153,1.18,47.4,10.7,2697.961375,66,0.582
73,2007,Developing,157,1.01,46.6,10.7,2393.367265,67,0.579
71,2006,Developing,161,1,45.7,10.6,247.97823,67,0.572
69.9,2005,Developing,165,0.88,44.9,10.6,1886.433359,67,0
69.6,2004,Developing,169,0.85,44.1,10.7,1787.94723,67,0
69.4,2003,Developing,173,1.2,43.3,10.4,158.52724,67,0
69.3,2002,Developing,176,1.24,42.6,10.2,1353.934819,67,0
69.1,2001,Developing,179,0.91,41.9,10.1,1362.61731,67,0
69,2000,Developing,18,1.21,41.1,9.6,1469.849149,67,0
61.1,2014,Developing,314,0.01,22.8,12.5,1738.8822,78,0.57
63,2013,Developing,328,2.41,22.3,12.5,185.793359,74,0.565
59.2,2012,Developing,349,2.59,21.7,12.3,1734.93612,7,0.554
58.2,2011,Developing,366,2.57,21.2,12,1644.619672,83,0.543
58,2010,Developing,363,2.47,2.7,11.8,1463.213573,8,0.533
57.4,2009,Developing,368,2.3,2.2,11.6,1139.11233,93,0.518
55.7,2008,Developing,45,2.12,19.7,11.4,1369.68249,9,0.504
52.6,2007,Developing,487,2.08,19.2,11.1,114.587985,77,0.492
58,2006,Developing,526,2.25,18.8,10.9,13.154199,83,0.479
49.3,2005,Developing,554,2.33,18.4,10.7,691.3178164,84,0.467
47.9,2004,Developing,578,2.46,18,10.5,53.2772217,84,0.456
46.4,2003,Developing,64,2.33,17.6,10.2,429.1583434,85,0.443
45.5,2002,Developing,69,2.44,17.3,10,377.135244,85,0.433
44.6,2001,Developing,611,2.61,17.1,9.8,378.2736238,86,0.424
43.8,2000,Developing,614,2.62,16.8,9.6,341.955625,85,0.418
59.2,2014,Developing,371,6.5,31.3,10.3,127.47462,92,0.498
58,2013,Developing,399,6.39,3.8,10.4,111.227396,95,0.488
56.6,2012,Developing,429,6.09,3.3,9.8,955.648466,95,0.464
54.9,2011,Developing,464,6,29.9,10.1,839.927936,93,0.452
52.4,2010,Developing,527,5.21,29.4,10,713.63562,89,0.436
50,2009,Developing,587,4.64,29,9.9,65.824121,69,0.419
48.2,2008,Developing,632,3.56,28.6,9.7,325.678573,75,0.421
46.6,2007,Developing,67,3.88,28.2,9.6,396.9982166,73,0.414
45.4,2006,Developing,7,4.57,27.9,9.5,414.796232,71,0.408
44.6,2005,Developing,717,4.14,27.5,9.3,444.76575,69,0.406
44.3,2004,Developing,723,4.36,27.1,9.2,454.366654,67,0.407
44.5,2003,Developing,715,4.06,26.7,9.5,453.3511552,7,0.418
44.8,2002,Developing,73,4.43,26.3,10,57.34834,73,0.427
45.3,2001,Developing,686,1.72,25.9,9.8,548.587312,76,0.427
46,2000,Developing,665,1.68,25.5,9.8,547.3588785,78,0.434
